Workbook

Sheet CVHT01.Báo cáo
A1: Ngày bàn giao
A2: BC sản phẩm Kaiwa | D2: Từ ngày | E2: 45658
D3: Tới ngày | E3: =now() -> 46283.476
A4: A.Số lượng học viên
A5: Tổng | D5: =sum(D6:D10) -> 7
A6: Sắp học | D6: =COUNTIFS('1.Chăm sóc'!$B:$B,">=" &$E$2,'1.Chăm sóc'!$B:$B,"<=" &$E$3,'1.Chăm sóc'!$V:$V,A6) -> 0
A7: Chưa học | D7: =COUNTIFS('1.Chăm sóc'!$B:$B,">=" &$E$2,'1.Chăm sóc'!$B:$B,"<=" &$E$3,'1.Chăm sóc'!$V:$V,A7) -> 0
A8: Đang học | D8: =COUNTIFS('1.Chăm sóc'!$B:$B,">=" &$E$2,'1.Chăm sóc'!$B:$B,"<=" &$E$3,'1.Chăm sóc'!$V:$V,A8) -> 3
A9: Bảo lưu | D9: =COUNTIFS('1.Chăm sóc'!$B:$B,">=" &$E$2,'1.Chăm sóc'!$B:$B,"<=" &$E$3,'1.Chăm sóc'!$V:$V,A9) -> 3
A10: Kết thúc | D10: =COUNTIFS('1.Chăm sóc'!$B:$B,">=" &$E$2,'1.Chăm sóc'!$B:$B,"<=" &$E$3,'1.Chăm sóc'!$V:$V,A10) -> 1
A12: Tỷ trọng | F12: Note
A13: Sắp học | D13: =D6/$D$5 -> 0 | F13: Ưu tiên xếp lớp, làm bạn
A14: Chưa học | D14: =D7/$D$5 -> 0 | F14: Tạo nhóm
A15: Đang học | D15: =D8/$D$5 -> 0.42857143 | F15: Ưu tiên chăm sóc, tái tục
A16: Bảo lưu | D16: =D9/$D$5 -> 0.42857143 | F16: Hẹn lịch nhắc hv bắt đầu học
A17: Kết thúc | D17: =D10/$D$5 -> 0.14285714 | F17: Hỏi thăm ,kết nối 3 tháng 1 lần
A18: 46082
A19: =now() -> 46283.476
A20: B.Tình hình chăm sóc - Số HV | D20: A1 | E20: A2 | F20: A3 | G20: A4 | H20: A5 | I20: A6 | J20: A7 | K20: A8
A21: Chọn trạng thái học viên | B21: SL HV | C21: Tổng | D21: Phản hồi tích cực | E21: Cần hỗ trợ về hệ thống | F21: Phản hồi tạm,học thêm rồi báo | G21: Cần hỗ trợ về chương trình học | H21: Cần hỗ trợ về điểm yếu của chính học viên | I21: Cần hỗ trợ về giáo viên | J21: Phản hồi tiêu cực, muốn dừng | K21: Chưa phản hồi
A22: Nội dung chăm sóc sau buổi 1 | B22: =COUNTIFS('1.Chăm sóc'!$AJ:$AJ,">=1",'1.Chăm sóc'!$B:$B,">="&$A$18,'1.Chăm sóc'!$B:$B,"<="&$A$19) -> 0 | C22: =sum(D22:K22) -> 0 | D22: =COUNTIFS('1.Chăm sóc'!$AO:$AO,D$21,'1.Chăm sóc'!$B:$B,">="&$A$18,'1.Chăm sóc'!$B:$B,"<="&$A$19) -> 0 | E22: =COUNTIFS('1.Chăm sóc'!$AO:$AO,E$21,'1.Chăm sóc'!$B:$B,">="&$A$18,'1.Chăm sóc'!$B:$B,"<="&$A$19) -> 0 | F22: =COUNTIFS('1.Chăm sóc'!$AO:$AO,F$21,'1.Chăm sóc'!$B:$B,">="&$A$18,'1.Chăm sóc'!$B:$B,"<="&$A$19) -> 0 | G22: =COUNTIFS('1.Chăm sóc'!$AO:$AO,G$21,'1.Chăm sóc'!$B:$B,">="&$A$18,'1.Chăm sóc'!$B:$B,"<="&$A$19) -> 0 | H22: =COUNTIFS('1.Chăm sóc'!$AO:$AO,H$21,'1.Chăm sóc'!$B:$B,">="&$A$18,'1.Chăm sóc'!$B:$B,"<="&$A$19) -> 0 | I22: =COUNTIFS('1.Chăm sóc'!$AO:$AO,I$21,'1.Chăm sóc'!$B:$B,">="&$A$18,'1.Chăm sóc'!$B:$B,"<="&$A$19) -> 0 | J22: =COUNTIFS('1.Chăm sóc'!$AO:$AO,J$21,'1.Chăm sóc'!$B:$B,">="&$A$18,'1.Chăm sóc'!$B:$B,"<="&$A$19) -> 0 | K22: =COUNTIFS('1.Chăm sóc'!$AO:$AO,K$21,'1.Chăm sóc'!$B:$B,">="&$A$18,'1.Chăm sóc'!$B:$B,"<="&$A$19) -> 0
A23: Nội dung chăm sóc sau buổi 3 | B23: =COUNTIFS('1.Chăm sóc'!$AJ:$AJ,">=3",'1.Chăm sóc'!$B:$B,">="&$A$18,'1.Chăm sóc'!$B:$B,"<="&$A$19) -> 0 | C23: =sum(D23:K23) -> 0 | D23: =COUNTIFS('1.Chăm sóc'!$AP:$AP,D$21,'1.Chăm sóc'!$B:$B,">="&$A$18,'1.Chăm sóc'!$B:$B,"<="&$A$19) -> 0 | E23: =COUNTIFS('1.Chăm sóc'!$AP:$AP,E$21,'1.Chăm sóc'!$B:$B,">="&$A$18,'1.Chăm sóc'!$B:$B,"<="&$A$19) -> 0 | F23: =COUNTIFS('1.Chăm sóc'!$AP:$AP,F$21,'1.Chăm sóc'!$B:$B,">="&$A$18,'1.Chăm sóc'!$B:$B,"<="&$A$19) -> 0 | G23: =COUNTIFS('1.Chăm sóc'!$AP:$AP,G$21,'1.Chăm sóc'!$B:$B,">="&$A$18,'1.Chăm sóc'!$B:$B,"<="&$A$19) -> 0 | H23: =COUNTIFS('1.Chăm sóc'!$AP:$AP,H$21,'1.Chăm sóc'!$B:$B,">="&$A$18,'1.Chăm sóc'!$B:$B,"<="&$A$19) -> 0 | I23: =COUNTIFS('1.Chăm sóc'!$AP:$AP,I$21,'1.Chăm sóc'!$B:$B,">="&$A$18,'1.Chăm sóc'!$B:$B,"<="&$A$19) -> 0 | J23: =COUNTIFS('1.Chăm sóc'!$AP:$AP,J$21,'1.Chăm sóc'!$B:$B,">="&$A$18,'1.Chăm sóc'!$B:$B,"<="&$A$19) -> 0 | K23: =COUNTIFS('1.Chăm sóc'!$AP:$AP,K$21,'1.Chăm sóc'!$B:$B,">="&$A$18,'1.Chăm sóc'!$B:$B,"<="&$A$19) -> 0
A24: Nội dung chăm sóc sau buổi 10 | B24: =COUNTIFS('1.Chăm sóc'!$AJ:$AJ,">=10",'1.Chăm sóc'!$B:$B,">="&$A$18,'1.Chăm sóc'!$B:$B,"<="&$A$19) -> 0 | C24: =sum(D24:K24) -> 0 | D24: =COUNTIFS('1.Chăm sóc'!$AQ:$AQ,D$21,'1.Chăm sóc'!$B:$B,">="&$A$18,'1.Chăm sóc'!$B:$B,"<="&$A$19) -> 0 | E24: =COUNTIFS('1.Chăm sóc'!$AQ:$AQ,E$21,'1.Chăm sóc'!$B:$B,">="&$A$18,'1.Chăm sóc'!$B:$B,"<="&$A$19) -> 0 | F24: =COUNTIFS('1.Chăm sóc'!$AQ:$AQ,F$21,'1.Chăm sóc'!$B:$B,">="&$A$18,'1.Chăm sóc'!$B:$B,"<="&$A$19) -> 0 | G24: =COUNTIFS('1.Chăm sóc'!$AQ:$AQ,G$21,'1.Chăm sóc'!$B:$B,">="&$A$18,'1.Chăm sóc'!$B:$B,"<="&$A$19) -> 0 | H24: =COUNTIFS('1.Chăm sóc'!$AQ:$AQ,H$21,'1.Chăm sóc'!$B:$B,">="&$A$18,'1.Chăm sóc'!$B:$B,"<="&$A$19) -> 0 | I24: =COUNTIFS('1.Chăm sóc'!$AQ:$AQ,I$21,'1.Chăm sóc'!$B:$B,">="&$A$18,'1.Chăm sóc'!$B:$B,"<="&$A$19) -> 0 | J24: =COUNTIFS('1.Chăm sóc'!$AQ:$AQ,J$21,'1.Chăm sóc'!$B:$B,">="&$A$18,'1.Chăm sóc'!$B:$B,"<="&$A$19) -> 0 | K24: =COUNTIFS('1.Chăm sóc'!$AQ:$AQ,K$21,'1.Chăm sóc'!$B:$B,">="&$A$18,'1.Chăm sóc'!$B:$B,"<="&$A$19) -> 0
A25: Nội dung chăm sóc sau buổi 15 | B25: =COUNTIFS('1.Chăm sóc'!$AJ:$AJ,">=15",'1.Chăm sóc'!$B:$B,">="&$A$18,'1.Chăm sóc'!$B:$B,"<="&$A$19) -> 0 | C25: =sum(D25:K25) -> 0 | D25: =COUNTIFS('1.Chăm sóc'!$AR:$AR,D$21,'1.Chăm sóc'!$B:$B,">="&$A$18,'1.Chăm sóc'!$B:$B,"<="&$A$19) -> 0 | E25: =COUNTIFS('1.Chăm sóc'!$AR:$AR,E$21,'1.Chăm sóc'!$B:$B,">="&$A$18,'1.Chăm sóc'!$B:$B,"<="&$A$19) -> 0 | F25: =COUNTIFS('1.Chăm sóc'!$AR:$AR,F$21,'1.Chăm sóc'!$B:$B,">="&$A$18,'1.Chăm sóc'!$B:$B,"<="&$A$19) -> 0 | G25: =COUNTIFS('1.Chăm sóc'!$AR:$AR,G$21,'1.Chăm sóc'!$B:$B,">="&$A$18,'1.Chăm sóc'!$B:$B,"<="&$A$19) -> 0 | H25: =COUNTIFS('1.Chăm sóc'!$AR:$AR,H$21,'1.Chăm sóc'!$B:$B,">="&$A$18,'1.Chăm sóc'!$B:$B,"<="&$A$19) -> 0 | I25: =COUNTIFS('1.Chăm sóc'!$AR:$AR,I$21,'1.Chăm sóc'!$B:$B,">="&$A$18,'1.Chăm sóc'!$B:$B,"<="&$A$19) -> 0 | J25: =COUNTIFS('1.Chăm sóc'!$AR:$AR,J$21,'1.Chăm sóc'!$B:$B,">="&$A$18,'1.Chăm sóc'!$B:$B,"<="&$A$19) -> 0 | K25: =COUNTIFS('1.Chăm sóc'!$AR:$AR,K$21,'1.Chăm sóc'!$B:$B,">="&$A$18,'1.Chăm sóc'!$B:$B,"<="&$A$19) -> 0
A26: Nội dung chăm sóc sau buổi 20 | B26: =COUNTIFS('1.Chăm sóc'!$AJ:$AJ,">=20",'1.Chăm sóc'!$B:$B,">="&$A$18,'1.Chăm sóc'!$B:$B,"<="&$A$19) -> 0 | C26: =sum(D26:K26) -> 0 | D26: =COUNTIFS('1.Chăm sóc'!$AS:$AS,D$21,'1.Chăm sóc'!$B:$B,">="&$A$18,'1.Chăm sóc'!$B:$B,"<="&$A$19) -> 0 | E26: =COUNTIFS('1.Chăm sóc'!$AS:$AS,E$21,'1.Chăm sóc'!$B:$B,">="&$A$18,'1.Chăm sóc'!$B:$B,"<="&$A$19) -> 0 | F26: =COUNTIFS('1.Chăm sóc'!$AS:$AS,F$21,'1.Chăm sóc'!$B:$B,">="&$A$18,'1.Chăm sóc'!$B:$B,"<="&$A$19) -> 0 | G26: =COUNTIFS('1.Chăm sóc'!$AS:$AS,G$21,'1.Chăm sóc'!$B:$B,">="&$A$18,'1.Chăm sóc'!$B:$B,"<="&$A$19) -> 0 | H26: =COUNTIFS('1.Chăm sóc'!$AS:$AS,H$21,'1.Chăm sóc'!$B:$B,">="&$A$18,'1.Chăm sóc'!$B:$B,"<="&$A$19) -> 0 | I26: =COUNTIFS('1.Chăm sóc'!$AS:$AS,I$21,'1.Chăm sóc'!$B:$B,">="&$A$18,'1.Chăm sóc'!$B:$B,"<="&$A$19) -> 0 | J26: =COUNTIFS('1.Chăm sóc'!$AS:$AS,J$21,'1.Chăm sóc'!$B:$B,">="&$A$18,'1.Chăm sóc'!$B:$B,"<="&$A$19) -> 0 | K26: =COUNTIFS('1.Chăm sóc'!$AS:$AS,K$21,'1.Chăm sóc'!$B:$B,">="&$A$18,'1.Chăm sóc'!$B:$B,"<="&$A$19) -> 0
A27: Nội dung chăm sóc sau buổi 25 | B27: =COUNTIFS('1.Chăm sóc'!$AJ:$AJ,">=25",'1.Chăm sóc'!$B:$B,">="&$A$18,'1.Chăm sóc'!$B:$B,"<="&$A$19) -> 0 | C27: =sum(D27:K27) -> 0 | D27: =COUNTIFS('1.Chăm sóc'!$AT:$AT,D$21,'1.Chăm sóc'!$B:$B,">="&$A$18,'1.Chăm sóc'!$B:$B,"<="&$A$19) -> 0 | E27: =COUNTIFS('1.Chăm sóc'!$AT:$AT,E$21,'1.Chăm sóc'!$B:$B,">="&$A$18,'1.Chăm sóc'!$B:$B,"<="&$A$19) -> 0 | F27: =COUNTIFS('1.Chăm sóc'!$AT:$AT,F$21,'1.Chăm sóc'!$B:$B,">="&$A$18,'1.Chăm sóc'!$B:$B,"<="&$A$19) -> 0 | G27: =COUNTIFS('1.Chăm sóc'!$AT:$AT,G$21,'1.Chăm sóc'!$B:$B,">="&$A$18,'1.Chăm sóc'!$B:$B,"<="&$A$19) -> 0 | H27: =COUNTIFS('1.Chăm sóc'!$AT:$AT,H$21,'1.Chăm sóc'!$B:$B,">="&$A$18,'1.Chăm sóc'!$B:$B,"<="&$A$19) -> 0 | I27: =COUNTIFS('1.Chăm sóc'!$AT:$AT,I$21,'1.Chăm sóc'!$B:$B,">="&$A$18,'1.Chăm sóc'!$B:$B,"<="&$A$19) -> 0 | J27: =COUNTIFS('1.Chăm sóc'!$AT:$AT,J$21,'1.Chăm sóc'!$B:$B,">="&$A$18,'1.Chăm sóc'!$B:$B,"<="&$A$19) -> 0 | K27: =COUNTIFS('1.Chăm sóc'!$AT:$AT,K$21,'1.Chăm sóc'!$B:$B,">="&$A$18,'1.Chăm sóc'!$B:$B,"<="&$A$19) -> 0
A28: Nội dung chăm sóc sau buổi 29 | B28: =COUNTIFS('1.Chăm sóc'!$AJ:$AJ,">=29",'1.Chăm sóc'!$B:$B,">="&$A$18,'1.Chăm sóc'!$B:$B,"<="&$A$19) -> 0 | C28: =sum(D28:K28) -> 0 | D28: =COUNTIFS('1.Chăm sóc'!$AU:$AU,D$21,'1.Chăm sóc'!$B:$B,">="&$A$18,'1.Chăm sóc'!$B:$B,"<="&$A$19) -> 0 | E28: =COUNTIFS('1.Chăm sóc'!$AU:$AU,E$21,'1.Chăm sóc'!$B:$B,">="&$A$18,'1.Chăm sóc'!$B:$B,"<="&$A$19) -> 0 | F28: =COUNTIFS('1.Chăm sóc'!$AU:$AU,F$21,'1.Chăm sóc'!$B:$B,">="&$A$18,'1.Chăm sóc'!$B:$B,"<="&$A$19) -> 0 | G28: =COUNTIFS('1.Chăm sóc'!$AU:$AU,G$21,'1.Chăm sóc'!$B:$B,">="&$A$18,'1.Chăm sóc'!$B:$B,"<="&$A$19) -> 0 | H28: =COUNTIFS('1.Chăm sóc'!$AU:$AU,H$21,'1.Chăm sóc'!$B:$B,">="&$A$18,'1.Chăm sóc'!$B:$B,"<="&$A$19) -> 0 | I28: =COUNTIFS('1.Chăm sóc'!$AU:$AU,I$21,'1.Chăm sóc'!$B:$B,">="&$A$18,'1.Chăm sóc'!$B:$B,"<="&$A$19) -> 0 | J28: =COUNTIFS('1.Chăm sóc'!$AU:$AU,J$21,'1.Chăm sóc'!$B:$B,">="&$A$18,'1.Chăm sóc'!$B:$B,"<="&$A$19) -> 0 | K28: =COUNTIFS('1.Chăm sóc'!$AU:$AU,K$21,'1.Chăm sóc'!$B:$B,">="&$A$18,'1.Chăm sóc'!$B:$B,"<="&$A$19) -> 0
A29: Nội dung chăm sóc sau buổi 30 | B29: =COUNTIFS('1.Chăm sóc'!$AJ:$AJ,">=30",'1.Chăm sóc'!$B:$B,">="&$A$18,'1.Chăm sóc'!$B:$B,"<="&$A$19) -> 0 | C29: =sum(D29:K29) -> 0 | D29: =COUNTIFS('1.Chăm sóc'!$AV:$AV,D$21,'1.Chăm sóc'!$B:$B,">="&$A$18,'1.Chăm sóc'!$B:$B,"<="&$A$19) -> 0 | E29: =COUNTIFS('1.Chăm sóc'!$AV:$AV,E$21,'1.Chăm sóc'!$B:$B,">="&$A$18,'1.Chăm sóc'!$B:$B,"<="&$A$19) -> 0 | F29: =COUNTIFS('1.Chăm sóc'!$AV:$AV,F$21,'1.Chăm sóc'!$B:$B,">="&$A$18,'1.Chăm sóc'!$B:$B,"<="&$A$19) -> 0 | G29: =COUNTIFS('1.Chăm sóc'!$AV:$AV,G$21,'1.Chăm sóc'!$B:$B,">="&$A$18,'1.Chăm sóc'!$B:$B,"<="&$A$19) -> 0 | H29: =COUNTIFS('1.Chăm sóc'!$AV:$AV,H$21,'1.Chăm sóc'!$B:$B,">="&$A$18,'1.Chăm sóc'!$B:$B,"<="&$A$19) -> 0 | I29: =COUNTIFS('1.Chăm sóc'!$AV:$AV,I$21,'1.Chăm sóc'!$B:$B,">="&$A$18,'1.Chăm sóc'!$B:$B,"<="&$A$19) -> 0 | J29: =COUNTIFS('1.Chăm sóc'!$AV:$AV,J$21,'1.Chăm sóc'!$B:$B,">="&$A$18,'1.Chăm sóc'!$B:$B,"<="&$A$19) -> 0 | K29: =COUNTIFS('1.Chăm sóc'!$AV:$AV,K$21,'1.Chăm sóc'!$B:$B,">="&$A$18,'1.Chăm sóc'!$B:$B,"<="&$A$19) -> 0
A30: Nội dung chăm sóc sau buổi 35 | B30: =COUNTIFS('1.Chăm sóc'!$AJ:$AJ,">=35",'1.Chăm sóc'!$B:$B,">="&$A$18,'1.Chăm sóc'!$B:$B,"<="&$A$19) -> 0 | C30: =sum(D30:K30) -> 0 | D30: =COUNTIFS('1.Chăm sóc'!$AW:$AW,D$21,'1.Chăm sóc'!$B:$B,">="&$A$18,'1.Chăm sóc'!$B:$B,"<="&$A$19) -> 0 | E30: =COUNTIFS('1.Chăm sóc'!$AW:$AW,E$21,'1.Chăm sóc'!$B:$B,">="&$A$18,'1.Chăm sóc'!$B:$B,"<="&$A$19) -> 0 | F30: =COUNTIFS('1.Chăm sóc'!$AW:$AW,F$21,'1.Chăm sóc'!$B:$B,">="&$A$18,'1.Chăm sóc'!$B:$B,"<="&$A$19) -> 0 | G30: =COUNTIFS('1.Chăm sóc'!$AW:$AW,G$21,'1.Chăm sóc'!$B:$B,">="&$A$18,'1.Chăm sóc'!$B:$B,"<="&$A$19) -> 0 | H30: =COUNTIFS('1.Chăm sóc'!$AW:$AW,H$21,'1.Chăm sóc'!$B:$B,">="&$A$18,'1.Chăm sóc'!$B:$B,"<="&$A$19) -> 0 | I30: =COUNTIFS('1.Chăm sóc'!$AW:$AW,I$21,'1.Chăm sóc'!$B:$B,">="&$A$18,'1.Chăm sóc'!$B:$B,"<="&$A$19) -> 0 | J30: =COUNTIFS('1.Chăm sóc'!$AW:$AW,J$21,'1.Chăm sóc'!$B:$B,">="&$A$18,'1.Chăm sóc'!$B:$B,"<="&$A$19) -> 0 | K30: =COUNTIFS('1.Chăm sóc'!$AW:$AW,K$21,'1.Chăm sóc'!$B:$B,">="&$A$18,'1.Chăm sóc'!$B:$B,"<="&$A$19) -> 0
A31: Nội dung chăm sóc sau buổi 45 | B31: =COUNTIFS('1.Chăm sóc'!$AJ:$AJ,">=45",'1.Chăm sóc'!$B:$B,">="&$A$18,'1.Chăm sóc'!$B:$B,"<="&$A$19) -> 0 | C31: =sum(D31:K31) -> 0 | D31: =COUNTIFS('1.Chăm sóc'!$AX:$AX,D$21,'1.Chăm sóc'!$B:$B,">="&$A$18,'1.Chăm sóc'!$B:$B,"<="&$A$19) -> 0 | E31: =COUNTIFS('1.Chăm sóc'!$AX:$AX,E$21,'1.Chăm sóc'!$B:$B,">="&$A$18,'1.Chăm sóc'!$B:$B,"<="&$A$19) -> 0 | F31: =COUNTIFS('1.Chăm sóc'!$AX:$AX,F$21,'1.Chăm sóc'!$B:$B,">="&$A$18,'1.Chăm sóc'!$B:$B,"<="&$A$19) -> 0 | G31: =COUNTIFS('1.Chăm sóc'!$AX:$AX,G$21,'1.Chăm sóc'!$B:$B,">="&$A$18,'1.Chăm sóc'!$B:$B,"<="&$A$19) -> 0 | H31: =COUNTIFS('1.Chăm sóc'!$AX:$AX,H$21,'1.Chăm sóc'!$B:$B,">="&$A$18,'1.Chăm sóc'!$B:$B,"<="&$A$19) -> 0 | I31: =COUNTIFS('1.Chăm sóc'!$AX:$AX,I$21,'1.Chăm sóc'!$B:$B,">="&$A$18,'1.Chăm sóc'!$B:$B,"<="&$A$19) -> 0 | J31: =COUNTIFS('1.Chăm sóc'!$AX:$AX,J$21,'1.Chăm sóc'!$B:$B,">="&$A$18,'1.Chăm sóc'!$B:$B,"<="&$A$19) -> 0 | K31: =COUNTIFS('1.Chăm sóc'!$AX:$AX,K$21,'1.Chăm sóc'!$B:$B,">="&$A$18,'1.Chăm sóc'!$B:$B,"<="&$A$19) -> 0
A32: Nội dung chăm sóc sau buổi 55 | B32: =COUNTIFS('1.Chăm sóc'!$AJ:$AJ,">=55",'1.Chăm sóc'!$B:$B,">="&$A$18,'1.Chăm sóc'!$B:$B,"<="&$A$19) -> 0 | C32: =sum(D32:K32) -> 0 | D32: =COUNTIFS('1.Chăm sóc'!$AY:$AY,D$21,'1.Chăm sóc'!$B:$B,">="&$A$18,'1.Chăm sóc'!$B:$B,"<="&$A$19) -> 0 | E32: =COUNTIFS('1.Chăm sóc'!$AY:$AY,E$21,'1.Chăm sóc'!$B:$B,">="&$A$18,'1.Chăm sóc'!$B:$B,"<="&$A$19) -> 0 | F32: =COUNTIFS('1.Chăm sóc'!$AY:$AY,F$21,'1.Chăm sóc'!$B:$B,">="&$A$18,'1.Chăm sóc'!$B:$B,"<="&$A$19) -> 0 | G32: =COUNTIFS('1.Chăm sóc'!$AY:$AY,G$21,'1.Chăm sóc'!$B:$B,">="&$A$18,'1.Chăm sóc'!$B:$B,"<="&$A$19) -> 0 | H32: =COUNTIFS('1.Chăm sóc'!$AY:$AY,H$21,'1.Chăm sóc'!$B:$B,">="&$A$18,'1.Chăm sóc'!$B:$B,"<="&$A$19) -> 0 | I32: =COUNTIFS('1.Chăm sóc'!$AY:$AY,I$21,'1.Chăm sóc'!$B:$B,">="&$A$18,'1.Chăm sóc'!$B:$B,"<="&$A$19) -> 0 | J32: =COUNTIFS('1.Chăm sóc'!$AY:$AY,J$21,'1.Chăm sóc'!$B:$B,">="&$A$18,'1.Chăm sóc'!$B:$B,"<="&$A$19) -> 0 | K32: =COUNTIFS('1.Chăm sóc'!$AY:$AY,K$21,'1.Chăm sóc'!$B:$B,">="&$A$18,'1.Chăm sóc'!$B:$B,"<="&$A$19) -> 0
A33: Nội dung chăm sóc sau buổi 59 | B33: =COUNTIFS('1.Chăm sóc'!$AJ:$AJ,">=59",'1.Chăm sóc'!$B:$B,">="&$A$18,'1.Chăm sóc'!$B:$B,"<="&$A$19) -> 0 | C33: =sum(D33:K33) -> 0 | D33: =COUNTIFS('1.Chăm sóc'!$AZ:$AZ,D$21,'1.Chăm sóc'!$B:$B,">="&$A$18,'1.Chăm sóc'!$B:$B,"<="&$A$19) -> 0 | E33: =COUNTIFS('1.Chăm sóc'!$AZ:$AZ,E$21,'1.Chăm sóc'!$B:$B,">="&$A$18,'1.Chăm sóc'!$B:$B,"<="&$A$19) -> 0 | F33: =COUNTIFS('1.Chăm sóc'!$AZ:$AZ,F$21,'1.Chăm sóc'!$B:$B,">="&$A$18,'1.Chăm sóc'!$B:$B,"<="&$A$19) -> 0 | G33: =COUNTIFS('1.Chăm sóc'!$AZ:$AZ,G$21,'1.Chăm sóc'!$B:$B,">="&$A$18,'1.Chăm sóc'!$B:$B,"<="&$A$19) -> 0 | H33: =COUNTIFS('1.Chăm sóc'!$AZ:$AZ,H$21,'1.Chăm sóc'!$B:$B,">="&$A$18,'1.Chăm sóc'!$B:$B,"<="&$A$19) -> 0 | I33: =COUNTIFS('1.Chăm sóc'!$AZ:$AZ,I$21,'1.Chăm sóc'!$B:$B,">="&$A$18,'1.Chăm sóc'!$B:$B,"<="&$A$19) -> 0 | J33: =COUNTIFS('1.Chăm sóc'!$AZ:$AZ,J$21,'1.Chăm sóc'!$B:$B,">="&$A$18,'1.Chăm sóc'!$B:$B,"<="&$A$19) -> 0 | K33: =COUNTIFS('1.Chăm sóc'!$AZ:$AZ,K$21,'1.Chăm sóc'!$B:$B,">="&$A$18,'1.Chăm sóc'!$B:$B,"<="&$A$19) -> 0
A34: Nội dung chăm sóc sau buổi 60 | B34: =COUNTIFS('1.Chăm sóc'!$AJ:$AJ,">=60",'1.Chăm sóc'!$B:$B,">="&$A$18,'1.Chăm sóc'!$B:$B,"<="&$A$19) -> 0 | C34: =sum(D34:K34) -> 0 | D34: =COUNTIFS('1.Chăm sóc'!$BA:$BA,D$21,'1.Chăm sóc'!$B:$B,">="&$A$18,'1.Chăm sóc'!$B:$B,"<="&$A$19) -> 0 | E34: =COUNTIFS('1.Chăm sóc'!$BA:$BA,E$21,'1.Chăm sóc'!$B:$B,">="&$A$18,'1.Chăm sóc'!$B:$B,"<="&$A$19) -> 0 | F34: =COUNTIFS('1.Chăm sóc'!$BA:$BA,F$21,'1.Chăm sóc'!$B:$B,">="&$A$18,'1.Chăm sóc'!$B:$B,"<="&$A$19) -> 0 | G34: =COUNTIFS('1.Chăm sóc'!$BA:$BA,G$21,'1.Chăm sóc'!$B:$B,">="&$A$18,'1.Chăm sóc'!$B:$B,"<="&$A$19) -> 0 | H34: =COUNTIFS('1.Chăm sóc'!$BA:$BA,H$21,'1.Chăm sóc'!$B:$B,">="&$A$18,'1.Chăm sóc'!$B:$B,"<="&$A$19) -> 0 | I34: =COUNTIFS('1.Chăm sóc'!$BA:$BA,I$21,'1.Chăm sóc'!$B:$B,">="&$A$18,'1.Chăm sóc'!$B:$B,"<="&$A$19) -> 0 | J34: =COUNTIFS('1.Chăm sóc'!$BA:$BA,J$21,'1.Chăm sóc'!$B:$B,">="&$A$18,'1.Chăm sóc'!$B:$B,"<="&$A$19) -> 0 | K34: =COUNTIFS('1.Chăm sóc'!$BA:$BA,K$21,'1.Chăm sóc'!$B:$B,">="&$A$18,'1.Chăm sóc'!$B:$B,"<="&$A$19) -> 0
A35: Nội dung chăm sóc sau buổi 89 | B35: =COUNTIFS('1.Chăm sóc'!$AJ:$AJ,">=89",'1.Chăm sóc'!$B:$B,">="&$A$18,'1.Chăm sóc'!$B:$B,"<="&$A$19) -> 0 | C35: =sum(D35:K35) -> 0 | D35: =COUNTIFS('1.Chăm sóc'!$BB:$BB,D$21,'1.Chăm sóc'!$B:$B,">="&$A$18,'1.Chăm sóc'!$B:$B,"<="&$A$19) -> 0 | E35: =COUNTIFS('1.Chăm sóc'!$BB:$BB,E$21,'1.Chăm sóc'!$B:$B,">="&$A$18,'1.Chăm sóc'!$B:$B,"<="&$A$19) -> 0 | F35: =COUNTIFS('1.Chăm sóc'!$BB:$BB,F$21,'1.Chăm sóc'!$B:$B,">="&$A$18,'1.Chăm sóc'!$B:$B,"<="&$A$19) -> 0 | G35: =COUNTIFS('1.Chăm sóc'!$BB:$BB,G$21,'1.Chăm sóc'!$B:$B,">="&$A$18,'1.Chăm sóc'!$B:$B,"<="&$A$19) -> 0 | H35: =COUNTIFS('1.Chăm sóc'!$BB:$BB,H$21,'1.Chăm sóc'!$B:$B,">="&$A$18,'1.Chăm sóc'!$B:$B,"<="&$A$19) -> 0 | I35: =COUNTIFS('1.Chăm sóc'!$BB:$BB,I$21,'1.Chăm sóc'!$B:$B,">="&$A$18,'1.Chăm sóc'!$B:$B,"<="&$A$19) -> 0 | J35: =COUNTIFS('1.Chăm sóc'!$BB:$BB,J$21,'1.Chăm sóc'!$B:$B,">="&$A$18,'1.Chăm sóc'!$B:$B,"<="&$A$19) -> 0 | K35: =COUNTIFS('1.Chăm sóc'!$BB:$BB,K$21,'1.Chăm sóc'!$B:$B,">="&$A$18,'1.Chăm sóc'!$B:$B,"<="&$A$19) -> 0
A36: Nội dung chăm sóc sau buổi 90 | B36: =COUNTIFS('1.Chăm sóc'!$AJ:$AJ,">=90",'1.Chăm sóc'!$B:$B,">="&$A$18,'1.Chăm sóc'!$B:$B,"<="&$A$19) -> 0 | C36: =sum(D36:K36) -> 0 | D36: =COUNTIFS('1.Chăm sóc'!$BC:$BC,D$21,'1.Chăm sóc'!$B:$B,">="&$A$18,'1.Chăm sóc'!$B:$B,"<="&$A$19) -> 0 | E36: =COUNTIFS('1.Chăm sóc'!$BC:$BC,E$21,'1.Chăm sóc'!$B:$B,">="&$A$18,'1.Chăm sóc'!$B:$B,"<="&$A$19) -> 0 | F36: =COUNTIFS('1.Chăm sóc'!$BC:$BC,F$21,'1.Chăm sóc'!$B:$B,">="&$A$18,'1.Chăm sóc'!$B:$B,"<="&$A$19) -> 0 | G36: =COUNTIFS('1.Chăm sóc'!$BC:$BC,G$21,'1.Chăm sóc'!$B:$B,">="&$A$18,'1.Chăm sóc'!$B:$B,"<="&$A$19) -> 0 | H36: =COUNTIFS('1.Chăm sóc'!$BC:$BC,H$21,'1.Chăm sóc'!$B:$B,">="&$A$18,'1.Chăm sóc'!$B:$B,"<="&$A$19) -> 0 | I36: =COUNTIFS('1.Chăm sóc'!$BC:$BC,I$21,'1.Chăm sóc'!$B:$B,">="&$A$18,'1.Chăm sóc'!$B:$B,"<="&$A$19) -> 0 | J36: =COUNTIFS('1.Chăm sóc'!$BC:$BC,J$21,'1.Chăm sóc'!$B:$B,">="&$A$18,'1.Chăm sóc'!$B:$B,"<="&$A$19) -> 0 | K36: =COUNTIFS('1.Chăm sóc'!$BC:$BC,K$21,'1.Chăm sóc'!$B:$B,">="&$A$18,'1.Chăm sóc'!$B:$B,"<="&$A$19) -> 0
A38: B.Tình hình chăm sóc - Tỷ lệ | D38: A1 | E38: A2 | F38: A3 | G38: A4 | H38: A5 | I38: A6 | J38: A7 | K38: A8
A39: Chọn trạng thái học viên | B39: SL HV | C39: Tổng | D39: Phản hồi tích cực | E39: Cần hỗ trợ về hệ thống | F39: Phản hồi tạm,học thêm rồi báo | G39: Cần hỗ trợ về chương trình học | H39: Cần hỗ trợ về điểm yếu của chính học viên | I39: Cần hỗ trợ về giáo viên | J39: Phản hồi tiêu cực, muốn dừng | K39: Chưa phản hồi
A40: Nội dung chăm sóc sau buổi 1 | D40: =iferror(D$22/$C22,0) -> 0 | E40: =iferror(E$22/$C22,0) -> 0 | F40: =iferror(F$22/$C22,0) -> 0 | G40: =iferror(G$22/$C22,0) -> 0 | H40: =iferror(H$22/$C22,0) -> 0 | I40: =iferror(I$22/$C22,0) -> 0 | J40: =iferror(J$22/$C22,0) -> 0 | K40: =iferror(K$22/$C22,0) -> 0
A41: Nội dung chăm sóc sau buổi 3 | D41: =iferror(D23/$C23,0) -> 0 | E41: =iferror(E23/$C23,0) -> 0 | F41: =iferror(F23/$C23,0) -> 0 | G41: =iferror(G23/$C23,0) -> 0 | H41: =iferror(H23/$C23,0) -> 0 | I41: =iferror(I23/$C23,0) -> 0 | J41: =iferror(J23/$C23,0) -> 0 | K41: =iferror(K23/$C23,0) -> 0
A42: Nội dung chăm sóc sau buổi 10 | D42: =iferror(D24/$C24,0) -> 0 | E42: =iferror(E24/$C24,0) -> 0 | F42: =iferror(F24/$C24,0) -> 0 | G42: =iferror(G24/$C24,0) -> 0 | H42: =iferror(H24/$C24,0) -> 0 | I42: =iferror(I24/$C24,0) -> 0 | J42: =iferror(J24/$C24,0) -> 0 | K42: =iferror(K24/$C24,0) -> 0
A43: Nội dung chăm sóc sau buổi 15 | D43: =iferror(D25/$C25,0) -> 0 | E43: =iferror(E25/$C25,0) -> 0 | F43: =iferror(F25/$C25,0) -> 0 | G43: =iferror(G25/$C25,0) -> 0 | H43: =iferror(H25/$C25,0) -> 0 | I43: =iferror(I25/$C25,0) -> 0 | J43: =iferror(J25/$C25,0) -> 0 | K43: =iferror(K25/$C25,0) -> 0
A44: Nội dung chăm sóc sau buổi 20 | D44: =iferror(D26/$C26,0) -> 0 | E44: =iferror(E26/$C26,0) -> 0 | F44: =iferror(F26/$C26,0) -> 0 | G44: =iferror(G26/$C26,0) -> 0 | H44: =iferror(H26/$C26,0) -> 0 | I44: =iferror(I26/$C26,0) -> 0 | J44: =iferror(J26/$C26,0) -> 0 | K44: =iferror(K26/$C26,0) -> 0
A45: Nội dung chăm sóc sau buổi 25 | D45: =iferror(D27/$C27,0) -> 0 | E45: =iferror(E27/$C27,0) -> 0 | F45: =iferror(F27/$C27,0) -> 0 | G45: =iferror(G27/$C27,0) -> 0 | H45: =iferror(H27/$C27,0) -> 0 | I45: =iferror(I27/$C27,0) -> 0 | J45: =iferror(J27/$C27,0) -> 0 | K45: =iferror(K27/$C27,0) -> 0
A46: Nội dung chăm sóc sau buổi 29 | D46: =iferror(D28/$C28,0) -> 0 | E46: =iferror(E28/$C28,0) -> 0 | F46: =iferror(F28/$C28,0) -> 0 | G46: =iferror(G28/$C28,0) -> 0 | H46: =iferror(H28/$C28,0) -> 0 | I46: =iferror(I28/$C28,0) -> 0 | J46: =iferror(J28/$C28,0) -> 0 | K46: =iferror(K28/$C28,0) -> 0
A47: Nội dung chăm sóc sau buổi 30 | D47: =iferror(D29/$C29,0) -> 0 | E47: =iferror(E29/$C29,0) -> 0 | F47: =iferror(F29/$C29,0) -> 0 | G47: =iferror(G29/$C29,0) -> 0 | H47: =iferror(H29/$C29,0) -> 0 | I47: =iferror(I29/$C29,0) -> 0 | J47: =iferror(J29/$C29,0) -> 0 | K47: =iferror(K29/$C29,0) -> 0
A48: Nội dung chăm sóc sau buổi 35 | D48: =iferror(D30/$C30,0) -> 0 | E48: =iferror(E30/$C30,0) -> 0 | F48: =iferror(F30/$C30,0) -> 0 | G48: =iferror(G30/$C30,0) -> 0 | H48: =iferror(H30/$C30,0) -> 0 | I48: =iferror(I30/$C30,0) -> 0 | J48: =iferror(J30/$C30,0) -> 0 | K48: =iferror(K30/$C30,0) -> 0
A49: Nội dung chăm sóc sau buổi 45 | D49: =iferror(D31/$C31,0) -> 0 | E49: =iferror(E31/$C31,0) -> 0 | F49: =iferror(F31/$C31,0) -> 0 | G49: =iferror(G31/$C31,0) -> 0 | H49: =iferror(H31/$C31,0) -> 0 | I49: =iferror(I31/$C31,0) -> 0 | J49: =iferror(J31/$C31,0) -> 0 | K49: =iferror(K31/$C31,0) -> 0
A50: Nội dung chăm sóc sau buổi 55 | D50: =iferror(D32/$C32,0) -> 0 | E50: =iferror(E32/$C32,0) -> 0 | F50: =iferror(F32/$C32,0) -> 0 | G50: =iferror(G32/$C32,0) -> 0 | H50: =iferror(H32/$C32,0) -> 0 | I50: =iferror(I32/$C32,0) -> 0 | J50: =iferror(J32/$C32,0) -> 0 | K50: =iferror(K32/$C32,0) -> 0
A51: Nội dung chăm sóc sau buổi 59 | D51: =iferror(D33/$C33,0) -> 0 | E51: =iferror(E33/$C33,0) -> 0 | F51: =iferror(F33/$C33,0) -> 0 | G51: =iferror(G33/$C33,0) -> 0 | H51: =iferror(H33/$C33,0) -> 0 | I51: =iferror(I33/$C33,0) -> 0 | J51: =iferror(J33/$C33,0) -> 0 | K51: =iferror(K33/$C33,0) -> 0
A52: Nội dung chăm sóc sau buổi 60 | D52: =iferror(D34/$C34,0) -> 0 | E52: =iferror(E34/$C34,0) -> 0 | F52: =iferror(F34/$C34,0) -> 0 | G52: =iferror(G34/$C34,0) -> 0 | H52: =iferror(H34/$C34,0) -> 0 | I52: =iferror(I34/$C34,0) -> 0 | J52: =iferror(J34/$C34,0) -> 0 | K52: =iferror(K34/$C34,0) -> 0
... A54: Nội dung chăm sóc sau buổi 90 | D54: =iferror(D36/$C36,0) -> 0 | E54: =iferror(E36/$C36,0) -> 0 | F54: =iferror(F36/$C36,0) -> 0 | G54: =iferror(G36/$C36,0) -> 0 | H54: =iferror(H36/$C36,0) -> 0 | I54: =iferror(I36/$C36,0) -> 0 | J54: =iferror(J36/$C36,0) -> 0 | K54: =iferror(K36/$C36,0) -> 0

Sheet 1.Chăm sóc
B1: 2 | C1: 3 | D1: 4 | E1: 5 | F1: 6 | G1: 7 | H1: 8 | I1: 9 | J1: 10 | K1: 11 | L1: 12 | M1: 13 | N1: 14 | O1: 15 | P1: 16 | Q1: 17 | R1: 18 | S1: 19 | T1: ff | U1: 21 | V1: 22 | W1: 23 | X1: 24 | Y1: 25 | Z1: 26 | AA1: 27 | AB1: 28 | AC1: 29 | AD1: 30 | AE1: 31 | AF1: 32 | AG1: 33 | AH1: 34 | AI1: 35 | AJ1: 36 | AK1: 37 | AL1: 38 | AM1: 39 | AN1: 40 | AO1: 41 | AP1: 42 | AQ1: 43 | AR1: 44 | AS1: 45 | AT1: 46 | AU1: 47 | AV1: 48 | AW1: 49 | AX1: 50 | AY1: 51 | AZ1: 52 | BA1: 53 | BB1: 54 | BC1: 55 | BD1: 56 | BE1: 57 | BF1: 58 | BG1: 59 | BH1: 60
A2: THÔNG TIN KHOÁ HỌC
A3: ID | B3: Ngày nộp học phí | C3: Sale | D3: Trạng thái HV | E3: Họ tên HV | F3: Giới tính | G3: SĐT | H3: Email | I3: Nội dung khoá | J3: Trạng thái thanh toán | K3: Gói học | L3: Khoá học | M3: Trình độ | N3: Tổng số buổi | O3: Mô hình lớp | P3: Ghi chú sale | Q3: DOB | R3: Nghề nghiệp | S3: Mô hình | T3: Số buổi còn lại | U3: Ngày bắt đầu học | V3: Trạng thái | W3: Ngày kết thúc/Bảo lưu | X3: Giờ học (1) | Y3: Lịch học (1) | Z3: Thời lượng buổi học (1) | AA3: Giờ học (2) | AB3: Lịch học (2) | AC3: Thời lượng buổi học (2) | AD3: Vòng lặp | AE3: Ngày học | AF3: Giáo viên | AG3: Mã GV | AH3: Tên lớp | AI3: Tổng số buổi đã học năm trước | AJ3: Tổng số buổi đã học 2026 | AK3: Báo cáo học tập | AL3: Thông tin trao đổi với HV | AM3: Lịch hẹn gọi | AN3: Điểm nóng | AO3: Nội dung chăm sóc sau buổi 1 | AP3: Nội dung chăm sóc sau buổi 3 | AQ3: Nội dung chăm sóc sau buổi 10 | AR3: Nội dung chăm sóc sau buổi 15 | AS3: Nội dung chăm sóc sau buổi 20 | AT3: Nội dung chăm sóc sau buổi 25 | AU3: Nội dung chăm sóc sau buổi 29 | AV3: Nội dung chăm sóc sau buổi 30 | AW3: Nội dung chăm sóc sau buổi 35 | AX3: Nội dung chăm sóc sau buổi 45 | AY3: Nội dung chăm sóc sau buổi 55 | AZ3: Nội dung chăm sóc sau buổi 59 | BA3: Nội dung chăm sóc sau buổi 60 | BB3: Nội dung chăm sóc sau buổi 89 | BC3: Nội dung chăm sóc sau buổi 90 | BD3: Chăm sóc sau kết thúc | BE3: =W3 -> Ngày kết thúc/Bảo lưu | BF3: Ngày bàn giao | BG3: Tháng nộp học phí | BH3: Ngày tạo tài khoản
A4: 420274574 | B4: 45673.58 | C4: DuyenLT | D4: HV mới | E4: Đặng Văn Thạch | F4: Nữ | G4: 7012519244 | H4: thachcd111cg2@gmail.com | I4: Thường | J4: Full phí | K4: SKAI231030VN | L4: GV Việt Nam | M4: Kaiwa 2 | N4: 49 | O4: Lớp 1-1 | P4: - Liên hệ zalo: 7012519244 - tặng video jlptN3 - Lịch học: 246, giờ 21-21h30 (giờ nhật) - sn 91, cả gia đình qua nhật, muốn học để làm giấy tờ cho con. | Q4: 33513 | R4: công nghiệp chế tạo | S4: Lớp 1-1 | T4: 14 | U4: 45698 | V4: Đang học | W4: 45736 | X4: 20h00 | Y4: 246 | Z4: 30 | AF4: kojima/thaodtt | AG4: GV33 | AH4: Đặng Văn Thạch - kaiwa 2 ( 22/01/2025) - 001 | AK4: Đặng Văn Thạch | AL4: - sn 91, cả gia đình qua nhật, muốn học để làm giấy tờ cho con. | AO4: 11/02/2025 E cảm nhận ss dạy hơi nhanh Và đây là lớp học luyện kaiwa nên tập trung luyện nói | AP4: 20/02/2025 E cũng quen với phương pháp dạy của Trung tâm rồi ạ | BF4: =datevalue(B4) -> 45673 | BG4: =MONTH(B4) -> 1 | BH4: 45670
A5: 420266164 | B5: 45355.429 | C5: ThuNH | D5: HV mới | E5: Phan Ngọc Khánh Linh | F5: Nữ | G5: 399669820 | H5: 10.phanngockhanhlinh11a2@gmail.com | I5: Thường | J5: Full phí | K5: SKAI11030VN | L5: GV Việt Nam | M5: Kaiwa 1 | N5: 90 | O5: Lớp 1-1 | P5: Phan Ngọc Khánh Linh 04/04/2005 0399669820 10.phanngockhanhlinh11a2@gmail.com khóa học kaiwa 1 Lịch học, thứ 246, học buổi tối ( tháng 4 qua Nhật, mong muốn khai giảng sớm) ưu đãi tặng khóa luyện thi JLPT N3 dưới dạng video bài giảng thời hạn 12 tháng | Q5: 38446 | R5: tháng 4 bay sang Nhật xklđ | S5: Lớp 1-1 | T5: 7 | U5: 45364 | V5: Đang học | W5: 45803 | X5: 9h00 | Y5: 7 | Z5: 60 | AF5: canhnt/chiaki,arita, maivt | AG5: GV426 | AH5: Phan Ngọc Khánh Linh - Kaiwa 1 (11/03/2024) - 001 Phan Ngọc Khánh Linh - Kaiwa 2 (07/08/2024) - 001 Phan Ngọc Khánh Linh - kaiwa 3 ( 05/04/2025) - 001 | AJ5: 56 | AK5: Phan Ngọc Khánh Linh | AQ5: 11/09/2024Dạ e thấy hợp vs e hơn í ạ | AZ5: 45796 | BF5: =datevalue(B5) -> 45355 | BG5: =MONTH(B5) -> 3
A6: 10052874 | B6: 45723.548 | C6: DuyenLT | D6: HV mới | E6: Phạm Thị Thương | F6: Nữ | G6: 976691294 | H6: phamthithuongnb93@gmail.com | I6: Thường | J6: Full phí | K6: CKAI121030VN | L6: GV Việt Nam | M6: Kaiwa 1 | N6: 60 | O6: Lớp 1-1 | P6: - Liên hệ zalo: 976691294 - tặng jlpt N5,N4 - Lịch học: 246, giờ: chưa chốt - HV sn 93, sợ học chậm, muốn ss nữ, nhiệt tình, vui tính hỗ trợ. Muốn học sớm để hỗ trợ luyện pv 1-2 hôm. (đã trao đổi là luyện sẽ tính vào buổi học) | Q6: 34114 | R6: tts nông nghiệp | S6: Lớp 1-1 | T6: 20 | U6: 45735 | V6: Đang học | W6: 45859 | X6: 20h00 | Y6: 246 | Z6: 30 | AF6: quyentn/diempvk | AG6: GV396 | AH6: Phạm Thị Thương - kaiwa 1 ( 12/03/2025 ) - 001 Phạm Thị Thương - kaiwa 2 ( 10/12/2025 ) - 001 | AK6: Phạm Thị Thương | AL6: - Mục tiêu học: muốn học kaiwa phục vụ công việc | AO6: 20/03/2025 Diễm ss rất nhiệt tình ah | AP6: 26/03/2025Học 30p trôi nhah lắm ss | BF6: =datevalue(B6) -> 45723 | BG6: =MONTH(B6) -> 3
A7: 420277244 | B7: 45732.43 | C7: LienQTM | D7: HV mới | E7: Trần Tế Hanh | F7: Nam | G7: 901629888 | H7: has2107@gmail.com | I7: Thường | J7: Full phí | K7: CKAI231030VN | L7: GV Việt Nam | M7: Kaiwa 2 | N7: 105 | O7: Lớp 1-1 | P7: - Zalo: 901629888 - Lớp combokaiwa 23 , lớp 1:1, giáo viên Việt(15b k3 Gv Nhật), Gv nam ,60% - Lịch học : thứ 2-4-6 , thời gian 17h Nhật - Họ và tên, năm sinh: Trần Tế Hanh, 1985 - Email: has2107@gmail.com - Tăng JLPT video N4 - Mục tiêu học: học để kaiwa với sếp Nhật và đồng | Q7: 31122 | R7: đang làm công ty Nhật ở VN | S7: Lớp 1-1 | T7: 8 | U7: 45740 | V7: Đang học | X7: 17h10 | Y7: 246 | Z7: 30 | AF7: huylt | AG7: GV265 | AH7: Trần Tế Hanh - kaiwa 2 ( 21/03/2025) - 001 Trần Tế Hanh - kaiwa 3 ( 15/09/2025 ) - 001 | AK7: Trần Tế Hanh | AL7: - Mục tiêu học: học để kaiwa với sếp Nhật và đồng | AO7: 20/03/2025Buổi đầu như vậy là tốt ss ạ | AP7: 01/04/2025Dạ cũng quen hơn rồi SS | AQ7: 21/05/2025 Thầy Huy dạy rất thú vị, khóa sau anh vẫn muốn học tiếp với thầy | AV7: 28/10/2025 Huy ss dạy thú vị lắm ạ, nhiều kiến thức mở rộng hơn giáo trình ạ Nhiều ss ạ, hàng ngày tiếp xúc với người Nhật nên cũng được các bạn chỉ thêm cho tự nhiên hơn ạ | AX7: 11/12/2025 đợi ph | BF7: =datevalue(B7) -> 45732 | BG7: =MONTH(B7) -> 3
A8: 420270374 | B8: 45482.454 | C8: ThuNH | D8: HV mới | E8: Nguyễn Văn Trọng | F8: Nam | G8: 123 | H8: ba.trong.photo@gmail.com | I8: Thường | J8: Full phí | K8: SKAI31030VN | L8: GV Việt Nam | M8: Kaiwa 3 | N8: 93.293769 | O8: Lớp 1-1 | P8: LH line: https://drive.google.com/file/d/12e5-peziVXLqz2QZGOVot2NK1FInf1S_/view?usp=drive_link Họ tên: Nguyễn Văn Trọng Ngày sinh: 5/7/1999 Email: ba.trong.photo@gmail.com khóa học kaiwa 3 gv Việt lịch học học được sau 20h Nhật thứ 246 ưu đãi tặng khóa luyện thi JLPT N2 | Q8: 36346 | R8: văn phòng | S8: Lớp 1-1 | T8: 29.293769 | U8: 2024-12-12 2024-07-17 | V8: Bảo lưu | W8: 2024-11-09 2025-10-04 | X8: 18h30/19h00 | Y8: 7/246 | Z8: 30 | AF8: matsuo/ hienntt | AH8: Nguyễn Văn Trọng - kaiwa 4 ( 12/12/2024) - 001 Nguyễn Văn Trọng - Kaiwa 3 (17/07/2024) - 001 Nguyễn Văn Trọng - kaiwa 5 ( 05/07/2025 ) - 001 | AJ8: 34 | AK8: Nguyễn Văn Trọng | AS8: 16/09/2024: BTVN : 5/5 nhắc nhở | AY8: 17/05/2025 10:43 Nguyen Van Trong Dạ vâng ah, cũng có áp dụng vào cuộc sống 10:43 Nguyen Van Trong Và duy trì được tiếng Nhật ah | BF8: =datevalue(B8) -> 45482 | BG8: =MONTH(B8) -> 7 | BH8: 45482
A9: 420272465 | B9: 45572.397 | C9: LienQTM | D9: HV mới | E9: Nguyễn Duy Đắc | F9: Nam | G9: 123 | H9: duydac94@gmail.com | I9: Thường | J9: Full phí | K9: CKAI341030JP | L9: GV Nhật Bản | M9: Kaiwa 3 | N9: 150 | O9: Lớp 1-1 | P9: - Line: 080 8190 0816 - Lớp kaiwa 3+4, giáo viên Nhật: Thầy Matsto - Lịch học : thứ 2-4-6, thời gian 21h Nhật - Nguyễn Duy Đắc , 08/09/1994 - Email: duydac94@gmail.com - Tăng JLPT video N2 - Mục tiêu học: kĩ sư sang Nhật 3 năm, giờ sống với vợ và con nhỏ, muốn học kaiwa để nói chuyện được lưu loát hơn, để chuyển việc có mức lương cao hơn vì phải nuôi vợ con | Q9: 34585 | R9: kĩ sư | S9: Lớp 1-1 | T9: 26 | U9: 2024-10-11 2025-07-14 | V9: Bảo lưu | W9: 45810 | X9: 18h00 | Y9: 246 | Z9: 30 | AF9: matsuo | AH9: Nguyễn Duy Đắc - kaiwa 3 ( 11/10/2024) - 001 Nguyễn Duy Đắc - kaiwa 4 ( 13/01/2025) - 001 Nguyễn Duy Đắc - kaiwa 5 ( 10/04/2025 ) - 001 | AJ9: 28 | AK9: Nguyễn Duy Đắc | AL9: kĩ sư sang Nhật 3 năm, giờ sống với vợ và con nhỏ, muốn học kaiwa để nói | AO9: 14/10/2024 Dạ Hiện tại đang bình thường ạ. Mấy hôm nay em bận nên chưa kịp trả lời cô ạ. BTVN: 1/30 | AP9: 19/10/2024 BTVN: 2/30Dạ em quen rồi ạ. | AQ9: 05/11/2024Em vẫn đang học bình thường ạ. | AS9: 13/12/2024Dạ. Em có vận dụng được ạ. Nhưng cần thêm thời gian để nhuần nhuyễn hơn Cô ạ. | AV9: 11/02/2025Mấy hôm nay em hơi bận Em có đọc tin nhắn rồi mà em chưa kịp trả lời ạ. Phần 4 khó hơn ạ. Kiến thức cũng nhiều hơn ạ. Nhưng em nghĩ là em học được ạ. | AW9: 17/03/2025Em áp dụng được vào đời sống rồi ạ. Tiếp tục luyện tập là ổn Cô ạ. | AX9: 22/03/2025Dạ không có vấn đề gì ạ. | AY9: 24/03/2025 Em tính đăng kí nốt Kaiwa 5,6 luôn ạ | AZ9: nhắc nhở ôn tập để test | BA9: 09/04/2025 Dạ, không sao ạ. Em cảm ơn ạ. | BB9: Dạ tốt Cô ạ. Học rất vui ạ. | BC9: 17/7 Dạ. Em thấy được làm quen với tiếng Nhật business nhiều hơn ạ. Có những câu chưa từng nghe và sử dụng bao giờ ạ. | BF9: =datevalue(B9) -> 45572 | BG9: =MONTH(B9) -> 10 | BH9: 45572
A10: 420273234 | B10: 45607.421 | C10: ThuNH | D10: HV mới | E10: Nguyễn Thị Hạnh | F10: Nữ | G10: 8068456930 | H10: nguyenhanh150197@gmail.com | I10: Thường | J10: Full phí | K10: SKAI51030JP | L10: GV Nhật Bản | M10: Kaiwa 5 | N10: 30 | O10: Lớp 1-1 | P10: Mục tiêu học tập: muốn học nói chuyện trôi chảy hơn, làm trong ngành dịch vụ, giao tiếp nhiều LH line: 8068456930 Nguyễn Thị Hạnh ngày tháng năm sinh:15/01/1997 sdt:080-6845-6930 Địa chỉ email:nguyenhanh150197@gmail.co Lộ trình kaiwa 5 - NHKS GV Nhật: Thầy Matsuo lịch học: học tuần 2 buổi vào ngày học viên nghỉ - thống nhất giờ học vào ngày nghỉ với giáo viên - báo lại lịch học bắt đầu sau ngày 18/11 Ưu đãi: tặng khóa luyện thi JLPT N2 | Q10: 35445 | R10: làm tại cửa hàng | S10: Lớp 1-1 | T10: 18 | U10: 45619 | V10: Bảo lưu | W10: 45986 | X10: 09h30 | Y10: LKCD | Z10: 30 | AF10: matsuo | AH10: Nguyễn Thị Hạnh - kaiwa 5 ( 20/11/2024) - 001 | AJ10: 6 | AK10: Nguyễn Thị Hạnh | AL10: Mục tiêu học tập: muốn học nói chuyện trôi chảy hơn, làm trong ngành dịch vụ, giao tiếp nhiều | AO10: 24/11/2024 Dạ,sensei e thấy ổn ạ | AQ10: 8/03/2025 dạo này công việc bận rộn, em học thì vẫn ổn ạ, nhưng không có nhiều time học nhiều như trước thôi ạ | BF10: =datevalue(B10) -> 45607 | BG10: =MONTH(B10) -> 11 | BH10: 45599
A11: 420276012 | B11: 45700.369 | C11: DuyenLT | D11: HV mới | E11: Nguyễn Thị Thuỷ | F11: Nữ | G11: 123 | H11: tamthuyan1991@gmail.com | I11: Thường | J11: Full phí | K11: CKAI231030VN | L11: GV Việt Nam | M11: Kaiwa 2 | N11: 60.0096 | O11: Lớp 1-1 | P11: - Liên hệ line: https://drive.google.com/file/d/1Q6tFq2Mn1ErYO7jr7h_7MaV1a01WXUjq/view?usp=sharing - tặng jlpt video N4+ N3 - Lịch học: 246, giờ: 21h-21h30 (giờ nhật) - sn 92, học tiếp thu chậm sợ k nhớ được, yêu cầu SS nữ, vui tính nhiệt tình. Hỗ trợ học sớm | Q11: 33922 | R11: tts thực phẩm | S11: Lớp 1-1 | T11: 43.0096 | U11: 2025-02-26 2025-06-26 | V11: Bảo lưu | W11: 28/02/2025 2025-11-08 | X11: 19h30 | Y11: 57 | Z11: 30 | AF11: nunt/thaodtt | AH11: Nguyễn Thị Thuỷ - kaiwa 2 ( 14/02/2025) - 001 | AK11: Nguyễn Thị Thuỷ | AO11: 27/02/2025 chưa có chuẩn bị bài | AP11: 11/07/2025 15:28 ThuyTam E cũng hơi hơi quen oy ss😊 15:28 ThuyTam Trắc phải học hết khoá mới quen hoàn toàn ạ 15:28 ThuyTam 😊😊 | BF11: =datevalue(B11) -> 45700 | BG11: =MONTH(B11) -> 2 | BH11: 45699
A12: 420276401 | B12: 45710.371 | C12: LienQTM | D12: HV mới | E12: Lê Thị Kim Duyên | F12: Nữ | G12: 8095570808 | H12: ngocle080885@gmail.com | I12: Thường | J12: Full phí | K12: SKAI61030JP | L12: GV Nhật Bản | M12: Kaiwa 6 | N12: 120 | O12: Lớp 1-1 | P12: - Zalo: 8095570808 - Lớp kaiwa 6, lớp 1:1, giáo viên Nhật , full phí - Lịch học : bổ sung sau - Họ và tên, năm sinh: Lê Thị Kim Duyên,1985 - Email: ngocle080885@gmail.com - Tăng JLPT video N2 - Mục tiêu học: muốn học kaiwa cao cấp | Q12: 31100 | R12: Viza Vĩnh trú, làm tự do | S12: Lớp 1-1 | T12: 107 | U12: 45784 | V12: Bảo lưu | W12: 45931 | X12: 19h00 9h00(5) | Y12: 245 | Z12: 30 | AF12: joji | AH12: Lê Thị Kim Duyên - Kaiwa 6 - 001 Lê Thị Kim Duyên - kaiwa 3 ( 07/05/2025 ) - 001 | AK12: Lê Thị Kim Duyên | AL12: - Mục tiêu học: muốn học kaiwa phục vụ công việc | AO12: 08/05/2025 Dạ tốt lắm ạ E biết thêm được những điều bản thân mình thiếu sót Rất hay ất đúng với những gì e cần | AP12: 15/05/2025 Dạ quen Thích lắm ạ Thầy dạy hay E hiểu ạ | BF12: =datevalue(B12) -> 45710 | BG12: =MONTH(B12) -> 2 | BH12: 45711
A13: 420277322 | B13: 45740.462 | C13: TrangNL | D13: HV mới | E13: Vũ Thi Anh | F13: Nam | G13: 1 | H13: anhvu40006@gmail.com | I13: Thường | J13: Full phí | K13: SKAI41030JP | L13: GV Nhật Bản | M13: Kaiwa 4 | N13: 30 | O13: Lớp 1-1 | P13: """- Line: https://drive.google.com/drive/home - Tặng video JLPT N2 - Lịch học: 246, giờ: 20h00 Nhật - Khoá học: kaiwa 4 - Sắp xếp SS cứng và nhiệt tình, vui vẻ - Học để cải thiện kaiwa phục vụ trong công việc | Q13: 35051 | R13: Thực phẩm | S13: Lớp 1-1 | T13: 12 | U13: 45747 | V13: Bảo lưu | W13: 45847 | X13: 18h00 | Y13: 246 | Z13: 30 | AF13: Ueno/kojima | AH13: Vũ Thi Anh - kaiwa 4 ( 28/03/2025 ) - 001 | AK13: Vũ Thi Anh | AL13: - Mục tiêu học: học kaiwa để phục vụ công việc | AO13: 01/04/2025 Dạ k có vấn đề gì ạ | AQ13: 29/05/2025 11:03 アイン Dạ cô hướng dẫn e tốt lắm ạ 11:03 アイン E sai ở đâu là cô chỉnh cho e luôn ạ | BF13: =datevalue(B13) -> 45740 | BG13: =MONTH(B13) -> 3
A14: 420276218 | B14: 45729.751 | C14: DuyenLT | D14: HV mới | E14: Bùi Vi Lâm | F14: Nữ | H14: Vilambui1818@gmail.com | I14: Thường | J14: Full phí | K14: SKAI21030VN | L14: GV Việt Nam | M14: Kaiwa 2 | N14: 60 | O14: Lớp 1-1 | P14: - Liên hệ zalo: 0339713299 - Tặng video jlpt N3 - Lịch học: 22h-22h30 (giờ nhật) thứ 4,7 và CN - hv dhs sn 2006, đi làm quán kaiwa nhiều. | Q14: 38766 | R14: du học sinh | S14: Lớp 1-1 | T14: 0 | U14: 45735 | V14: Kết thúc | W14: 45978 | X14: 20h00 | Y14: 7CN | Z14: 30 | AF14: hangktt/thanhnn | AG14: GV350 | AI14: Bùi Vi Lâm - kaiwa 2 ( 19/03/2025 ) - 001 | AK14: Bùi Vi Lâm | AL14: - Mục tiêu học: muốn học kaiwa phục vụ công việc | AO14: 20/03/2025Dạ không ạaa , buổi đầu học nên chưa quen thôi ạ | AP14: 26/03/2025Dạ ss , em quen rồi ạaa BTVN: 3/3 | AQ14: 11/04/2025 Em đã kaiwa tự tin hơn bà vốn tìe vưngk cũng phong phú hơn r ạ | AR14: 25/04/2025 Dạ không ạ , em cảm ơn ss | AS14: 05/05/2025 Ss vẫn hướng dẫn e tốt ạ , em kaiwa cũng tốt hơn nhiều r ạ | AT14: 21/05/2025 dạ ổn ss ạ | AV14: 15/11/2025 So với các bạn sang Nhật cùng thời điểm thì em cảm thấy mình kaiwa có tự tin hơn ạ . Được khen khá nhiều ạ . | BF14: =datevalue(B14) -> 45729 | BG14: =MONTH(B14) -> 3
A15: =IFERROR(__xludf.DUMMYFUNCTION("Query(IMPORTRANGE(""https://docs.google.com/spreadsheets/d/1ICLXVn2a8EFOzyqDCHT97ZW5nSwRxTik3n5ruRV5Rg4/edit#gid=0"",""Tổng!A4502:Z10000""),""Select Col1,Col2,Col3,Col4,Col5,Col6,Col7,Col8,Col9,Col10,Col11,Col12,Col13,Col14,Col15,Col16,Col17,Col18 where C"&"ol19 = 'CVHT01'"")"),"#REF!") -> #REF! | S15: =IFERROR(__xludf.DUMMYFUNCTION("IMPORTRANGE(""https://docs.google.com/spreadsheets/d/1Yw0RASmlJCsUM9ySWss8BpZKd1mhFu3_lmRbXRXuJis/edit?gid=0#gid=0"",""3.Chấm buổi!H14:Y"")"),"#REF!") -> #REF! | AK15: Trần Văn Ta | AL15: Không liên lạc dk, đã cọc kaiwa 4 nhưng k phản hồi | AO15: 10/04/2025Dạ tốt ạ không có vần đề gì hết ạ Chỉ có điều thời gian hơi ít Nếu được 45 hay 60p thì tuyệt vời ạ | AP15: 18/04/2025 đã quen rồi ạ Dạ rất tốt ạ | AQ15: 09/05/2025 dạ e cảm thấy tiếng nhật của mình ổn hơn ạ | AS15: 12/06/2025 Dạ e đã vẫn dụng rồi ạ Hơi chưa quen miệng nhưng e cố gắn ạ | AV15: 24/07/2025 Dạ mong sensei chỉ e với ạ | AW15: 08/09/2025 @Phòng Đào Tạo Edura Gv Chuyên Môn dạ tốt ạ Hiện tại thì không có khó khăn gì ạ | AY15: 03/11/2025 Dạ nếu có gì không hiểu mong ss chỉ e với ạ Dạ cô ngọc chỉ e rất nhiệt tình ạ | BF15: =datevalue(B15) -> #VALUE! | BG15: =MONTH(B15) -> 12
AK16: Phạm Hồng Sơn | AL16: 04/6/2026 đã hỏi han | AO16: 15/04/2025 10:03 Son Vâng tốt ạ 10:03 Son Ko có vấn đề gì ạ | AP16: 22/04/2025 Quen rồi ạ Vâng ổn ạ 07:33 Son Diễm ss cũng nhiệt tình ạ 07:33 Son Nói chung tạm thời là ổn ạ | AQ16: 27/05/2025 Vâng có tốt hơn rồi ạ, Vâng , có tự tin hơn ạ | AS16: 13/06/2025 Vẫn tốt , ko có vấn đề gì ạ | AU16: 29/07/2025 17:48 Son Vâng 17:48 Son Không cần hỗ trợ gì đâu ạ | BF16: =datevalue(B16) -> #VALUE! | BG16: =MONTH(B16) -> 12
AK17: Nguyễn Thành Tây | AL17: bảo lưu nhắn tin lại k được nên kết thúc khóa | AO17: 17/04/2025dạ vâng ạ cảm ơn ss đã luôn hỗ trợ em nhiệt tình ạ...tại do cv mà em không trả lời tn của ss nhưng lúc nào cũng luôn quan tâm | AP17: 07/05/2025dần dần quen ạ dạ không ss ạ...ss linh nhiệt tình lắm ạ | AQ17: 21/05/2025 dạ vẫn bình thường và rất tốt ạ...chỉ là dạo này cv của em nó hơi nhiều một chút nên em cũng ít thời gian lại ạ | BF17: =datevalue(B17) -> #VALUE! | BG17: =MONTH(B17) -> 12
AK18: Hà Đức Quân | AL18: không thấy liên lạc | AO18: 17/04/2025 Dạ cô dạy vui lắm ạ, 11:15 ハ ドック クァン Đc ạ , cô cũng đang dạy trg tiếng 11:15 ハ ドック クァン Nên k có khó khăn gì | AP18: 22/04/2025 Dạ cũng hòm hòm r ạ | AQ18: 07/05/2025 dạ ss vẫn ổn ạ | AR18: 11/06/2025 Dạ ổn ạ | AT18: 16/07/2025 Dạ ổn ạ | AV18: 29/07/2025 đợi ph | BF18: =datevalue(B18) -> #VALUE! | BG18: =MONTH(B18) -> 12
AK19: Đỗ Văn Thiện | AO19: 12/04/2025 em học ổn ạ | AP19: 19/05/2025 Ko có vấn đề j ss ạ | BF19: =datevalue(B19) -> #VALUE! | BG19: =MONTH(B19) -> 12
AK20: Dương Thuý Vy | AL20: đợi ph 4/6 | AO20: 16/04/2025 Dạ không có vấn đề gì ạ. | AP20: 22/04/2025 Dạ em cũng quen rồi ạ Sensei cũng dạy tận tình nữa ạ | AQ20: 09/05/2025 Dạ em cảm thấy mình tự tin nói chuyện hơn trước một chút rồi ạ. Trong buổi học cùng cô giáo cũng rất là vui,cô cũng chỉ dậy giải thích từ chi tiết, và sửa lỗi phát âm cho em ạ | AR20: 22/05/2025 Dạ không có vấn đề gì ạ | AS20: 11/06/2025 dạ em cảm thấy khi em nói chuyện với đồng nghiệp nơi làm việc thì tự tin hơn trước với sử dụng được nhiều mẫu câu trong hội thoại để ứng dụng trong cuộc sống r ạ | AV20: 14/07/2025 Dạ cũng bình thường ạ Có cái bài về thể thao thì hơi khó thôi ạ | BF20: =datevalue(B20) -> #VALUE! | BG20: =MONTH(B20) -> 12
AK21: Võ Cẩm Nhung | AL21: quá hạn bảo lưu => kết thúc | AO21: 17/04/2025 Dạ ngày đầu nên em chưa theo kịp | AP21: 21/10/2025 18:01 ニュン Dạ ss mình học có nữa tiếng thôi hả ss . Cô giáo giỏi và xinh đó ss ơi 😆 18:02 ニュン Lâu rồi em k học nên em còn yếu nhiều mong ss nói cô giáo hổ trợ em nha | BF21: =datevalue(B21) -> #VALUE! | BG21: =MONTH(B21) -> 12
AK22: Trần Đức Biển | AL22: đợi ph 4/6 | AO22: 17/04/2025 vâng hôm nay học rất tốt ạ. Hiện tại đang ở mức bình thường nên chưa khó khăn, có thể hướng em kaiwa cao hơn 1 chút của N3, em đang tính chuyển công việc yêu cầu N3 nak. | AP22: 22/04/2025 Cũng quen rồi ss ạ. Tuy chưa thể ns đc nhiều | AQ22: 09/05/2025 vâng, học vừa tốt vừa vui ss ạ, nhưng thời gian học có 30p ko ns được nhiều lúc nào cũng trong tình trạng chảy cho kịp thời gian cả giáo viên lẫn trò | AR22: 22/05/2025 Hiện tại thì không vẫn đề gì ss | AS22: 05/06/2025 không vấn đề gì ss ạ, học vẫn cứ học thôi ss, học ổn đk tiếp | AT22: 11/06/2025 @Chika Sensei vâng, nếu có thể giúp em tốt hơn thì cũng đáng đầu tư dài thôi Ss. | AU22: 23/06/2025 nhắc test | AW22: 11/07/2025 dạ không Sense, cứ duy trì đều vậy thôi ạ, nay học ít nên có thời gian chuẩn bị tốt và đỡ mệt hơn | BF22: =datevalue(B22) -> #VALUE! | BG22: =MONTH(B22) -> 12
AK23: Nguyễn Thanh Xuân | AO23: 22/04/2025 Ko có gì ak | BF23: =datevalue(B23) -> #VALUE! | BG23: =MONTH(B23) -> 12
AK24: Lê Thị Kim Hoàng | AL24: không thấy liên hệ | AO24: 19/04/2025 Ok lắm ạ Chỉ có bài nghe e ko nghe được | AP24: 25/04/2025 Dạ . Ok ạ Một số từ vựng và ngữ pháp e học rồi nhưng ko kaiwa được. Cô giáo đang kèm e kaiw Nên thấy khá ok ạ | AQ24: 19/06/2025 Vâng ạ Có gì ko hiểu e sẽ hỏi Thảo 先生ạ | AS24: 18/07/2025 E tự tin hơn một chút rồi ạ Lúc trước nghe được nhưng ko nói lại được Nay nói được câu ngắn Và phản xạ nhanh hơn | BF24: =datevalue(B24) -> #VALUE! | BG24: =MONTH(B24) -> 12
AK25: Nguyễn Ngọc Dung | AL25: không thấy liên hệ (màu vàng) | AO25: 20/04/2025Dạ em cũng chưa biết nữa chị mới học 1 buổi a chi | AP25: 24/04/2025 Dạ cũng hơi quen mà thời gian ít quá nên em thấy học không có duoc nhiều | AQ25: 22/05/2025 Em cảm nhận em chua nói được suôn cau chị oi ( gửi thêm tài liệu nghe luyện) | AS25: 13/06/2025 Em cũng vậy a chi, học vẫn ổn a | BF25: =datevalue(B25) -> #VALUE! | BG25: =MONTH(B25) -> 12
AK26: Hoàng Thị Lý | AO26: 21/04/2025 dạ tốt ạ jo s gửi e ít bài e lm ạ | AP26: 05/05/2025 đã quen rồi a GV nhiệt tình | AQ26: Không gặp khó khăn gì a | BF26: =datevalue(B26) -> #VALUE! | BG26: =MONTH(B26) -> 12
AK27: Trần Văn Long | AO27: 21/04/2025 Dạ,tốt ss ơi | AP27: 05/05/2025 10:35 Trần Long Có ss ơi 10:36 Trần Long Ko vấn đề gì đâu ss ạ | AY27: 11/06/2026 @Phòng Đào Tạo Edura Gv Chuyên Môn dạ vẫn tốt ss | BF27: =datevalue(B27) -> #VALUE! | BG27: =MONTH(B27) -> 12
AK28: Trịnh Thị Kiều Trang | AO28: 25/04/2025 học ổn ạ | AP28: 16/05/2025 E cũng quen dần rồi nhưng e cungx chia sex thật là kết nối e kém và công việc của e khá bận nên e k tập trung dc nhiều lắm ạ! Nên e cũng đang có ý định học hết số buổi e đóng tiền thì nghỉ ss ah! Mong ss thông cảm ạ! | BF28: =datevalue(B28) -> #VALUE! | BG28: =MONTH(B28) -> 12
AK29: Phan Thị Thu Cúc | AO29: 21/04/2025 Dạ tốt ạ,nếu cần gì e sẽ nhắn ạ😊😊 Vâng,ss nhiệt tình ạ🥰🥰 | AP29: 26/04/2025 Dạ quen r ạ | AQ29: 16/05/2025 E Đã được ôn lại một vài kiến thức,củng học thêm vài từ vựng,có vẻ phần nghe ổn hơn trước một chút ạ | AR29: 30/05/2025 Vẫn tốt ạ | AS29: 05/06/2025 Vâng củng dần quen r ạ, gv hd tốt | AT29: 14/06/2025 E định học chắc từ vựng ngữ pháp đã ss ạ | AU29: 02/07/2025 nhắc nhờ test | AV29: 11/07/2025 dạ em học vẫn tốt a | BF29: =datevalue(B29) -> #VALUE! | BG29: =MONTH(B29) -> 12
AK30: Đặng Văn Lý | AL30: đợi ph 4/6 | AO30: 23/04/2025Dạ cũng ổn , mới học nên cũng hơi bỡ ngỡ ss ạ | AP30: 05/05/2025 Dạ em quen r ạ Em thấy phù hợp ạ | AQ30: 05/06/2025 Dạ tự tin giao tiếp hơn rồi ạ | AR30: 19/06/2025 Dạ tốt ạ | AT30: 29/07/2025 Dạ tốt ạ | AV30: 25/08/2025 đợiph | BF30: =datevalue(B30) -> #VALUE! | BG30: =MONTH(B30) -> 12
AK31: Trần Văn Giang | AO31: 16/05/2025 học ổn a | AP31: 21/05/2025 16:10 Giang Vâng 16:10 Giang Em thấy quen rồi ạ | AR31: 13/06/2025 18:43 Giang Em chào chị ạ 18:43 Giang Dạo này em học vẫn ổn chị ạ | BF31: =datevalue(B31) -> #VALUE! | BG31: =MONTH(B31) -> 12
AK32: Lê Thị Giang | AO32: 02/05/2025 dạ không có vấn đề gì ạ | AP32: 14/05/2025 dạ rồi ạ | AS32: 23/06/2025 dạ em tốt hơn nhiều rồi ạ | AT32: 10/07/2025 đợi ph | BF32: =datevalue(B32) -> #VALUE! | BG32: =MONTH(B32) -> 12
AK33: Nguyễn Đình Tuấn | AL33: đợi ph 4/6 | AO33: 10/05/2025 dạ tốt ạ mới buổi đầu tiên bài đang dễ nên em thấy tốc độ bth ạ | AP33: 14/05/2025Dạ cũng ok rồi ạ, cũng quen quen rồi ss ạ | AR33: 13/06/2025 học ổn a | AV33: 17/09/2025 đợi ph | BF33: =datevalue(B33) -> #VALUE! | BG33: =MONTH(B33) -> 12
AK34: Huỳnh Minh Châu | BF34: =datevalue(B34) -> #VALUE! | BG34: =MONTH(B34) -> 12
AK35: Huỳnh Văn Quyến | AO35: 10/05/2025 Dạa có ạa vấn đề anh thanh ạ khi ss bật đoạn băng cho em thì sau đó em hong còn nghe thấy ss nói gì nữa Phải thoát ra vào lại thì mới có thể nghe lại bình thường ạ Còn vấn để học thì ổn ạa | AP35: 24/05/2025Dạa em đã quen rồi ss ạa, Dạa có ss ạa | AU35: 15/11/2025 đợi ph | BF35: =datevalue(B35) -> #VALUE! | BG35: =MONTH(B35) -> 12
AK36: Nguyễn Văn Hồng | AO36: 29/04/2025 Dạ ổn ạ | AP36: 09/05/2025 Dạ rồi ạ | AQ36: 22/10/2025Dạ quen rồi ạ.mà từ vựng ít ỏi với quên ngữ pháp nên nc bập bẹ ạ(pleading Moon) | AS36: 11/12/2025 đợi ph | BF36: =datevalue(B36) -> #VALUE! | BG36: =MONTH(B36) -> 12
AK37: Leo Trúc Mai | AO37: 14/05/2025 Dạ ổn ss ơi | AQ37: 19/06/2025 em học vẫn ổn ạ | BF37: =datevalue(B37) -> #VALUE! | BG37: =MONTH(B37) -> 12
AK38: Lý Thị Châm | AL38: out nhóm zl | AO38: 09/05/2025 Ui.lần đầu tiên học nên hồi hộp quá Quên luôn các mẫu câu cbi sẵn ở nhà 🥲🥲🥲 K nhớ ra đc gì cả ss ạ | AP38: 19/05/2025 ổn ạ | BF38: =datevalue(B38) -> #VALUE! | BG38: =MONTH(B38) -> 12
AK39: Nguyễn Trần Thị Mỹ Duyên | AL39: k liên lạc được nên kết thúc | AO39: 03/05/2025 Dạ tốt lắm ạ | AP39: 16/05/2025 Dạ e cũng đã quen rồi ạ Dạ Sinh ss hướng dẫn e tốt lắm ạ | AQ39: 19/06/2025 Dạ e thấy tiếng Nhật cũng khá lên nhiều ạ Vâng ạ Sinh ss vẫn đang hướng dẫn e tốt ạ | BF39: =datevalue(B39) -> #VALUE! | BG39: =MONTH(B39) -> 12
AK40: Phùng Thị Phượng | AO40: 10/05/2025 dạ tạm thời không có vấn đề gì ạ | AP40: 19/05/2025 vâng, e bắt đầu quen dần r ạ | AS40: 23/06/2025 e thấy đã ổn hơn chút r ạ, nhưng chưa thể nói là tốt đc ạ😅 | AV40: 31/07/2025 vào buổi kiểm tra hôm trc thì e thấy các ngữ pháp sensei hỏi thì e đều nhớ ạ, nhưng phần kính ngữ và thực hành tình huống thì e cảm thấy mình vẫn chưa làm tốt lắm | BF40: =datevalue(B40) -> #VALUE! | BG40: =MONTH(B40) -> 12
AK41: Phạm Thị Tân | AO41: 10/05/2025 Dạ buổi đầu tiên nên chưa có vấn đề gì ss ạ Em cảm ơn ss nha | BF41: =datevalue(B41) -> #VALUE! | BG41: =MONTH(B41) -> 12
AK42: Nguyễn Khắc Huy | AL42: đợi ph 4/6 | AO42: 14/05/2025 Hôm qua học thì phần chuẩn bị bài của em chưa được tốt tại bị nhầm phần nghe, lần đầu nên chưa có kinh nghiệm về cách học, nhưng hôm qua học thì em đã rõ rồi ạ. Hiện tại cũng không có gì ạ. | AP42: 19/05/2025 Sensei,こんにちは。 Vâng em đã quen với phương pháp học của Nhà trường rồi ạ. Em cám ơn sensei đã hỏi thăm. | AQ42: 13/06/2025 先生、こんにちは。 Em cảm thấy tự tin hơn trong giao tiếp rồi ạ. | AT42: 13/08/2025Dạ vâng ạ, để e ôn lại bài xem nếu có phần nào cần hỗ trợ em sẽ báo ạ. | AV42: 19/09/2025 Vâng ạ, em cám ơn tất cả sensei đã hỗ trợ em rất nhiều trong khoá học của em, từng đánh giá của sensei giúp em nhận ra điểm thiếu sót của mình sẽ cố gắng nhiều hơn để giỏi hơn trong tương lai. | BF42: =datevalue(B42) -> #VALUE! | BG42: =MONTH(B42) -> 12
AK43: Bùi Thị Trúc | AO43: 15/05/2025 Dạ em thấy bth ạ | AP43: 22/05/2025 dạ ss, đã quen rồi a | AR43: 17/07/2025 đợi ph | BF43: =datevalue(B43) -> #VALUE! | BG43: =MONTH(B43) -> 12
AK44: Phan Thị Anh Thư | AL44: đợi ph 4/6 | AO44: 16/05/2025 Dạ hôm nay e học xong rồi ạ! E chuẩn bị bài chưa kĩ lắm nên chưa theo kịp phần cô dạy. | AP44: 24/05/2025 Dạ e cũng quen dần với phương pháp học của trường rồi ạ! Dạ ss dạy rất nhiệt tình và dễ hiểu ạ! | AQ44: 12/06/2025 Dạ hiện tại tiếng Nhật của e cũng thấy tự tin hơn 1 chút về phát âm và ngữ pháp ạ! | BF44: =datevalue(B44) -> #VALUE! | BG44: =MONTH(B44) -> 12
AK45: Trần Anh Luân | AO45: 16/05/2025 nhắn k phản hồi | AP45: 21/05/2025 kêu gặp vấn đề học k ổn ( đã hd chuẩn bị bài, phân tích cách học) | BF45: =datevalue(B45) -> #VALUE! | BG45: =MONTH(B45) -> 12
AK46: Lê Trọng Vỹ | AL46: k liên lạc lại dk nên kết thúc | AO46: 03/06/2025 hôm qua e có học với ss uyên buổi đầu tiên đag hơi lo lắng và hồi hộp 1 chút ạ | AP46: 12/06/2025 e thấy mh chưa nắm chắc đc ngữ pháp để ghép câu ss ạ ( kém quá đổi xuống khóa pre 2) | AQ46: 16/06/2025 e thấy học xuống prekaiwa 2 ổn hơn ss ạ | AR46: 23/07/2025 đợi ph | BF46: =datevalue(B46) -> #VALUE! | BG46: =MONTH(B46) -> 12
AK47: Trần Long | AO47: 19/05/2025 dạ ổn ạ Dạ có ạ, dạ phù hợp ạ | AP47: 28/05/2025 Dạ rồi ạ | AS47: 20/07/2025 Dạ em phải cảm ơn trung tâm ạ em học dc nhiều lắm ạ | AU47: 11/10/2025 Dạ em muốn học tiếp ạ | BF47: =datevalue(B47) -> #VALUE! | BG47: =MONTH(B47) -> 12
AK48: Lê Nguyễn Linh | AO48: 20/05/2025 Dạ cũng ok ạh | AP48: 28/05/2025 Dạ e cũng dần quen rồi ạh ☺️ | BF48: =datevalue(B48) -> #VALUE! | BG48: =MONTH(B48) -> 12
AK49: Hoàng Thị Nga | AO49: 24/05/2025 dạ học ổn a | AP49: 04/06/2025 11:18 HOANG THI NGA Dạ ss 11:18 HOANG THI NGA Em đang làm quen ak Tạm thời cũng khá là ổn ak | AQ49: 13/06/2025 Gv dậy khá ổn ak | BF49: =datevalue(B49) -> #VALUE! | BG49: =MONTH(B49) -> 12
AK50: Lê Văn Minh | AO50: 22/05/2025 Buổi đầu tiên em chưa quen. Chuẩn bị em chưa tốt lắm buổi sau em sẽ cố gắng. | AP50: 04/06/2025 Dạ em cũng quen dần dần rồi ạ Em thành thạo rồi ạ | AQ50: 12/06/2025 Em cũng cải thiện được phần nào rồi @Chika Sensei rất tốt ạ | AS50: 23/07/2025 @Chika Sensei dạ vâng cảm ơn ss. em cũng nói được nhiều câu dài, trước chưa học thì chủ yếu nói tư đơn, cộc lốc. | BF50: =datevalue(B50) -> #VALUE! | BG50: =MONTH(B50) -> 12
AK51: Nguyễn Thị Thu Hương | AL51: đợi ph 4/6 | AO51: 24/05/2025 dạ cô dậy rất dễ hiểu ạ | AP51: 11/06/2025 dạ cũng bắt đầu ạ | AQ51: 27/06/2025 vâng em sẽ cố gắng nói nhiều hơn để ghép ko bị sai ngữ pháp | AS51: 23/07/2025 bình thường ạ. | BF51: =datevalue(B51) -> #VALUE! | BG51: =MONTH(B51) -> 12
AK52: Nguyễn Thị Thu Thảo | AO52: 26/05/2025 e thấy ổn ạ | AP52: 04/06/2025 e đã quen r ạ | AQ52: 19/06/2025 e đã biết đc nhiều r ạ e cũng đang dần dần tiếp thu ạ | AS52: 18/07/2025 e cũng biết nhiều r ạ, nhg e nói vẫn hơi chậm chút ạ | BF52: =datevalue(B52) -> #VALUE! | BG52: =MONTH(B52) -> 12
AK53: Lê Thị Huệ | AO53: 23/05/2025 16:41 hạ vũ Buổi học đầu tiên thấy cũng ok ạ 16:41 hạ vũ Chưa thấy gặp khó khăn gì ạ. Ss yên tâm | AP53: 03/06/2025 Quen rồi ss ạ, Dạ ok ạ. Ss dạy ổn ạ | AQ53: 19/06/2025 Phần kaiwa trực chiến e còn kém ạ, còn lúng túng khi nói ( đã gửi tài liệu) | AS53: 23/07/2025 08:42 hạ vũ Dạ 08:42 hạ vũ Quen rồi ss ạ 08:42 hạ vũ Cũng tạm ổn trong khi nói chuyện với các cụ | AU53: 14/08/2025 Vẫn bình thường thôi ss ạ | BF53: =datevalue(B53) -> #VALUE! | BG53: =MONTH(B53) -> 12
AK54: Trương Văn Tùng | AO54: 24/05/2025 Dạ ngày đầu em hơi bở ngở ạ bài tập em chửng bị chưa tốt ạ! | BF54: =datevalue(B54) -> #VALUE! | BG54: =MONTH(B54) -> 12
AK55: Lê Thị Hồng Hạnh | AL55: quá hạn bảo lưu => kết thúc | AO55: 02/06/2025 E thấy tốt ss a | AP55: 06/06/2025 Cũng hơi wen rồi ạ. 10:05 hanh Wen rồi ạ 10:06 hanh Học châm mà chắc | BF55: =datevalue(B55) -> #VALUE! | BG55: =MONTH(B55) -> 12
AK56: Nguyễn Ngọc Quế Trân | AL56: 4/6 đợi ph | AO56: 07/06/2025 dạ em học bình thường ạ | AP56: 12/06/2025 dạ rồi ạ dạ ổn cả rồi ss | AQ56: 17/07/2025 đợi ph | BF56: =datevalue(B56) -> #VALUE! | BG56: =MONTH(B56) -> 12
AK57: Lê Văn Tây | AO57: 02/06/2025 Dạ buổi học rất tốt ạ | AP57: 11/06/2025 Dạ em quen rồi ạ, em đi làm bận quá nên hổmg để í tin nhắn sensei ạ | AQ57: 23/06/2025 Dạ em cũng hơi quen quen ạ | AR57: 23/07/2025 đợi ph | BF57: =datevalue(B57) -> #VALUE! | BG57: =MONTH(B57) -> 12
AK58: Tống Phước Lĩnh | AO58: 02/06/2025 Dạ có ạ, gv nhiệt tình ạ | AP58: 12/06/2025 Dạ qen rồi ạ | AQ58: 27/06/2025 Tại thời gian gần đây công việc của em bắt đầu làm nhiều trỡ lại ạ nên là e làm về rất muộn ko có thời gian để ôn lại bài hặc học thêm từ vựng mới ạ | BF58: =datevalue(B58) -> #VALUE! | BG58: =MONTH(B58) -> 12
AK59: Nguyễn Hoàng | AO59: 30/05/2025 Không ss à mọi thứ điều bình thường, Giáo viên nhiệt tình nên ko có gì hết ss | AP59: 11/06/2025 Cũng Quen r chị Ok hết r chị | BF59: =datevalue(B59) -> #VALUE! | BG59: =MONTH(B59) -> 12
AK60: Phạm Văn Nga | AO60: 02/06/2025 @Chika Sensei dạ ss dạy nhiệt tình lắm ạ | AP60: 10/06/2025 chê học 30 phút ít quá, đã hỗ trợ | AQ60: 23/06/2025 Dạ ss dạy rất nhiệt tình ạ | BF60: =datevalue(B60) -> #VALUE! | BG60: =MONTH(B60) -> 12
AK61: Nguyễn Hoàng Thái | AL61: đợi ph 4/6 | AO61: 02/06/2025 Dạ tốt ss Dạ cũng nhiệt tình ss | AP61: 19/06/2025 BTVN: 2/5 e cũng dần dần quen rồi nhưng trợ từ ( が に で へ を ) e chưa nói đúng được | BF61: =datevalue(B61) -> #VALUE! | BG61: =MONTH(B61) -> 12
AK62: Lê Thị Hường | AO62: 30/05/2025 Cũng được ạ. Thầy nói dễ nghe. Nhưng thời gian ngắn quá | AP62: 11/06/2025 先生、こんにちは Xin lỗi cô vì bị trôi tn nên em ko biết Em học cũng đang quen dần rồi Cảm ơn cô ạ | AQ62: 23/06/2025 Cam on co a Ban than em tu cam nhan thi chua thay thay doi gi a co gang het khoa hoc xem nhu the nao | BF62: =datevalue(B62) -> #VALUE! | BG62: =MONTH(B62) -> 12
AK63: ĐỖ THỊ XUÂN MAI | AL63: quá hạn bảo lưu => kết thúc | AO63: 30/05/2025 Cũng được ạ. Thầy nói dễ nghe. Nhưng thời gian ngắn quá | AP63: 12/06/2025 Dạ buổi đầu cũng ổn ạ . | BF63: =datevalue(B63) -> #VALUE! | BG63: =MONTH(B63) -> 12
AK64: Võ Thị Yến Nhi | AL64: đợi ph 4/6 | AO64: 05/06/2025 Dạ em làm phần bài tập không được ạ | AP64: 19/06/2025 Dạ em đã quen rồi ạ | BF64: =datevalue(B64) -> #VALUE! | BG64: =MONTH(B64) -> 12
AK65: Đặng Thu Uyên | AO65: 03/06/2025 Không ạ, Dạ có ạ Nhưng thời gian ngắn quá ạ | AP65: 11/06/2025 Cũng ổn r ạ | AQ65: 27/06/2025 đợi ph | BF65: =datevalue(B65) -> #VALUE! | BG65: =MONTH(B65) -> 12
AK66: Nguyễn Văn Nhật | AL66: đợi ph 4/6 | AO66: 03/06/2025 Hôm qua học cũng tạm tạm ss ạ. Chắc là vẫn theo được. Ss joji nói dễ nghe với cũng giảng dạy dễ hiểu lắm ss | AP66: 11/06/2025 Trước hết thì em rất ấn tượng và rất cảm kích vì sự quan tâm tận tình của trung tâm đến em như vậy, luôn phản hồi mỗi khi em có khúc mắc, và luôn sát sao từng tiến độ của em. Lúc đầu nhận lớp thì em cũng khá phân vân vì hạn chế của em là mặc dù có thể nghe hiểu được đa số giáo viên nói gì nhưng phản hồi rất chậm và không thể diễn đạt ý mình mong muốn 1 cách trọn vẹn nhất thì lại được nhận lớp với giáo viên là người Nhật, điều đó làm em có phần hơi thiếu tự tin và lo lắng liệu có thể theo được lớp này hay không. Nhưng qua những buổi đầu tiên thì em thấy những lời ss tư vấn tâm sự với em thì đúng là có cơ sở, thầy Joji dạy rất dễ hiểu và rất kiên nhẫn với em, chỉ em từng lỗi sai cũng như góp ý nhiệt tình cho em rất nhiều thứ đáng giá. Trước khi nhập học em cứ nghĩ là với chừng đó thời gian học của một buổi chắc với người trầm tính ít nói như em sẽ làm ss cháy giáo án hay bị nhiều khoảng thời gian trống trong buổi học vì khả năng thẩm thấu ngôn ngữ của em có phần hạn chế. Nhưng dần dà rồi quen dần với cách dạy của thầy. Trước lúc vào buổi học thì em cố nghĩ ra được nhiều câu hỏi mà thầy có thể hỏi liên quan đến bài học nhất có thể, để đến lúc vào buổi học có thể thẩm thấu bài học nhiều nhất có thể. Thực sự là trước giờ em hơi lười suy nghĩ, lười phản xạ nên cứ nghe yêu cầu mà hiểu thì cứ ừ đại rồi làm chứ cũng chẳng phản xạ hay gì nhiều. Giờ may mắn có được môi trường như thế này cũng hạn chế được cái tính xấu đó của em phần nào, tuy là chưa có thực sự thay đổi nhiều lắm đâu nhưng cái gì chẳng phải có điểm bắt đầu.. Em cũng mong là em sẽ giữ được lửa như thế này cho đến hết khóa học để xem lúc đó bản thân của mình sẽ thay đổi được như thế nào, với lại giờ chỉ mới mấy bài đầu kiến thức còn có phần dễ thở, sau chắc ngày càng khó hơn chưa biết chắc là còn giữ được nhịp độ như thế này cho đến cuối hay không, vì mong muốn được chuyển sang công việc mình yêu thích hơn nên còn cố được thì em sẽ cố đến cùng. Em mong là sẽ đồng hành cùng trung tâm mình đến cuối khóa, hoặc có thể xa hơn nữa là cả khóa sau nữa. Cảm ơn ss cùng đội ngũ phòng đào tạo rất nhiều ạ. | BF66: =datevalue(B66) -> #VALUE! | BG66: =MONTH(B66) -> 12
AK67: Đào Văn Thạo | AO67: 12/06/2025 Dạ cũng ổn ạ ss cũng khá nhiệt tình ạ | AP67: 19/06/2025 BTVN: 0 Dạ quen r ss ạ | AS67: 30/07/2025 đợi ph | BF67: =datevalue(B67) -> #VALUE! | BG67: =MONTH(B67) -> 12
AK68: TẠ THỊ HOA | AO68: 12/06/2025 mới đầu e thấy ổn ạ | AP68: 17/06/2025 e hiểu ạ nhưng e ko biết cách xắp xếp câu á nên cứ bị loạn | BF68: =datevalue(B68) -> #VALUE! | BG68: =MONTH(B68) -> 12
AK69: Lê Quang Đình | AO69: 12/06/2025 Vâg ss, k vấn đề gì a | AS69: 30/07/2025 đợi ph | BF69: =datevalue(B69) -> #VALUE! | BG69: =MONTH(B69) -> 12
AK70: Nguyễn Trọng Nghĩa | AO70: 19/06/2025 Vâng e ơn ss ạ Sau mỗi buổi học thì phần bài tập làm như nào ss ạ | AP70: 23/07/2025 Dạ tốt ạ Nhưng do e hỏng kiến thức hơi nhiều nên kawa chưa mượt ạ Trang Ss phải hổ trợ nhiều ạ | BF70: =datevalue(B70) -> #VALUE! | BG70: =MONTH(B70) -> 12
AK71: Nguyễn Thị Hồng Nở | AO71: 05/06/2025 Dạ SS dạy rất nhiệt tình và hết lòng giúp đỡ em SS nhưng do em không biết một số từ vựng và đôi khi em đọc nhầm và không đúng là do lỗi của em ý SS , dạ em xin lỗi | AP71: 17/06/2025 Dạ rồi SS dạ em cảm ơn SS dạ nhờ SS giúp đỡ dùm nha SS | AS71: 30/07/2025 đợi ph | BF71: =datevalue(B71) -> #VALUE! | BG71: =MONTH(B71) -> 12
AK72: Phạm Văn Quyết | AL72: đợi ph 4/6 | AO72: 12/06/2025 Dạ tốt ạ Hiện tại chưa có gì khó khăn ss ạ | AP72: 19/06/2025 BTVN: 1/4 E cũng quen r mà e xem qua hết ngữ pháp khoá kaiwa 2 này e đều học r | AS72: 30/07/2025 Dạ e cũng quen dần r ạ Dạ cũng đc đôi chút ạ | BF72: =datevalue(B72) -> #VALUE! | BG72: =MONTH(B72) -> 12
AK73: Nguyễn Văn Nam | AL73: 4/6 chưa có dự định | AO73: 16/06/2025 Dạ cũng bình thường ss à | AP73: 19/06/2025 Vag E cũng quen r ss | AS73: 30/07/2025 E quen r ss Sa こんにちは | BF73: =datevalue(B73) -> #VALUE! | BG73: =MONTH(B73) -> 12
AK74: Nguyễn Thị Bạch Tuyết | AO74: 12/06/2025 Dạ mới ngày đầu nhưng em học thì thấy bình thường chưa thấy gì khó khăn lắm ạ | AP74: 19/06/2025 BTVN: 3/4 Dạ ss Dũng ko những tôt mà còn hiền nữa ss | BF74: =datevalue(B74) -> #VALUE! | BG74: =MONTH(B74) -> 12
AK75: Lê Chí Đạt | AO75: 11/06/2025 Dạ không có vấn đề gì ạ | AP75: 19/06/2025 Dạ rồi ạ | AQ75: 07/07/2025 Những bài học này em học từ 7 năm trước rồi cô ạ | BF75: =datevalue(B75) -> #VALUE! | BG75: =MONTH(B75) -> 12
AK76: Lương Thị Cúc | AL76: đợi ph 4/6 | AP76: 12/07/2025 Không ạ,buổi học diễn ra rất thuận lợi | AS76: 21/08/2025 đợi ph | BF76: =datevalue(B76) -> #VALUE! | BG76: =MONTH(B76) -> 12
AK77: Bàn Thị Ly | AO77: 12/06/2025 30p vào tí hết giờ rồi, và k nghe được -> hỗ trợ xử lý r | BF77: =datevalue(B77) -> #VALUE! | BG77: =MONTH(B77) -> 12
AK78: Lê Hải Định | AO78: 20/06/2025 Dạ mới học 1buoi nên cũng chưa rõ ạ hjhjhjj | BF78: =datevalue(B78) -> #VALUE! | BG78: =MONTH(B78) -> 12
AK79: Nguyễn Hoàng Nam | AO79: 12/06/2025 Học e thấy thầy nhiệt tình | AP79: 19/06/2025 BTVN: 3/4 Quen dần rồi ss ak. | BF79: =datevalue(B79) -> #VALUE! | BG79: =MONTH(B79) -> 12
AK80: Bàn Tôn Pu | AO80: 10/06/2025 Không sao ss ạ Có ss ạ | AP80: 02/07/2025 Không ss ạ | BF80: =datevalue(B80) -> #VALUE! | BG80: =MONTH(B80) -> 12
AK81: Nguyễn Thu Thủy | AO81: 12/06/2025 Buổi đầu cũng ổn ạ.mà chắc tại e chưa quen nên k tự tin lắm | AP81: 19/06/2025 Nói với kaiwa ạ.e thấy e nói vẫn kém .cũng chưa tự tin lắm | BF81: =datevalue(B81) -> #VALUE! | BG81: =MONTH(B81) -> 12
AK82: Nguyễn Thị Tuyết Nhung | AL82: đợi ph 4/6 | AO82: 19/06/2025 Bữa đầu học nên e lu bu quá. Nhưng vẫn ổn ạ! Ss hướng dẫn e cách làm bt về nhà nhé. | AP82: 02/07/2025 e học wifi dây ạ. Vẫn nghe gọi nc coi cam với gđ bình thường ạ. Chỉ có lúc ss mở File nghe là e lag luôn, hay bị đẩy khỏi phòng ạ | BF82: =datevalue(B82) -> #VALUE! | BG82: =MONTH(B82) -> 12
AK83: Huỳnh Trần Hoàng Kha | AL83: đợi ph 4/6 | AO83: 16/06/2025 SS cũng vui tính và cũng vui vẻ giải đáp thắc mắc của em ạ | AP83: 19/06/2025 Em cũng quen dần dần rồi ạ | AQ83: 17/07/2025 @Chika Sensei em thấy cũng có chút tiếng bộ hơn xưa | BF83: =datevalue(B83) -> #VALUE! | BG83: =MONTH(B83) -> 12
AK84: Hồ Thị Kim Ngân | AO84: 17/06/2025 Dạ tốt ss ạ hiện tại ch có j khó khăn ạ ss | AP84: 27/06/2025 BTVN: 3/3 Dạ r ạ | AQ84: 17/07/2025 Dạ e thấy ổn ss ạ nhg mà e chắc hơi ngọng ss pát âm e nghĩ k đúng | AS84: 21/08/2025 đợi ph | BF84: =datevalue(B84) -> #VALUE! | BG84: =MONTH(B84) -> 12
AK85: Đinh Thị Khánh Linh | AO85: 11/06/2025 Dạ htai buổi đầu e thấy khá suôn sẻ ạ Cô giúp e những chỗ e ko nghe dc ạ | AP85: 19/06/2025 dạ e cũng đang quen r ạ | AQ85: 23/07/2025 đợi ph | BF85: =datevalue(B85) -> #VALUE! | BG85: =MONTH(B85) -> 12
AK86: Trần Thị Lan Anh | AO86: 14/06/2025 19:13 Lan Anh Buổi đầu hơi trục trắc với e cbi bài chưa tốt nên chưa thấy hiệu quả lắm 19:14 Lan Anh Lần sau e sẽ cbi tốt hơn | AP86: 23/06/2025 Cx quen r Ss ạ | AR86: 17/07/2025 Chắc cũng khá lên đc 1 ít r ss ạ 14:06 Lan Anh Có thể đó e chưa nắm chắc ngữ pháp nên Kaiwa chưa đc liu loát lắm ạ 14:06 Lan Anh E sẽ cố gắng thêm ạ | AU86: 22108/2025 đợi ph | BF86: =datevalue(B86) -> #VALUE! | BG86: =MONTH(B86) -> 12
AK87: Hà Tuấn Anh | AL87: out zl ròi | AO87: 17/06/2025 Đc ak ss Hk với cô dễ hiểu ak | AP87: 23/06/2025 btvn: 2/3 Cũng quen r ss ak Thành thạo hết r ss ak | AQ87: 17/07/2025 Khá lên hơn nhiều so vs trc đây ss ak H e tự tin kaiwa hơn r ak | BF87: =datevalue(B87) -> #VALUE! | BG87: =MONTH(B87) -> 12
AK88: Hoắc Thanh Huệ | AL88: đợi ph 4/6 | AO88: 14/06/2025 k có vấn đề gì a | AP88: 19/06/2025 こんにちは せんせい Em đã quen rồi, cảm ơn ss | BF88: =datevalue(B88) -> #VALUE! | BG88: =MONTH(B88) -> 12
AK89: Phạm Quốc Lĩnh | AO89: 13/06/2025 dạ bài đầu dễ nên không có khó khăn ạ. Cách dạy của Thắm Ss cũng dễ tiếp thu ạ. | AP89: 19/06/2025 hiện tại mấy bài đầu đơn giản do e đã học rồi nên k khó dễ tiếp thu ạ. Có khó khăn e sẽ nhắn gr ạ. | AR89: 23/07/2025 @Chika Sensei dạ sẽ vẫn chưa cải thiện nhiều ạ. Cơ bản chắc do e tiếp thu chưa nhanh. SS vẫn nhiệt tình hết mức. Khá năng về phản xạ nghe của e còn rất chậm. | AS89: 21/08/2025 đợi ph | BF89: =datevalue(B89) -> #VALUE! | BG89: =MONTH(B89) -> 12
AK90: Nguyễn Trần Anh Thư | AO90: 21/06/2025 Ok hết ss ơi, mạng mà mạnh nửa thì cô trò nói được nhiều cái hơn rồi 😂 | BF90: =datevalue(B90) -> #VALUE! | BG90: =MONTH(B90) -> 12
AK91: Dương Thị Giang | AL91: out zl ròi | AO91: 17/06/2025 Dạ buổi học đã diễn ra rất tốt ạ, ko có khó khăn gì ạ | AP91: 23/06/2025 BTVN: 5/5 Dạ e quen rồi ạ Vâng ah, ss rất nhiệt tình, dạy dễ hiểu ạ | AR91: 23/07/2025 E có thể tự tin giao tiếp hơn với người nhật ạ,nắm được thêm các mẫu ngữ pháp và từ vựng mới vận dụng vào kaiwa hàng ngày, chỉ có phần kanji e bị yếu không đọc được ạ | BF91: =datevalue(B91) -> #VALUE! | BG91: =MONTH(B91) -> 12
AK92: Nguyễn Thị Oanh | AO92: 18/06/2025 dạ. mới bài đầu tiên nên e cũng chưa thấy khó khăn gì ss ạ. tương tác khá là tốt ạ | AP92: 23/06/2025 ok rồi ss ạ. | BF92: =datevalue(B92) -> #VALUE! | BG92: =MONTH(B92) -> 12
AK93: Đoàn Thị Ngọc Bích | AO93: 19/06/2025 Dạ buổi học đầu tiên e thấy ổn ạ! Cũng chưa có vấn đề gì ạ | AV93: 25/11/2025 đơiph | BF93: =datevalue(B93) -> #VALUE! | BG93: =MONTH(B93) -> 12
AK94: Lưu Thanh Thùy | AO94: 23/06/2025 Dạ em thấy đc ạ. Ko có gì nè ss. | BF94: =datevalue(B94) -> #VALUE! | BG94: =MONTH(B94) -> 12
AK95: Nguyễn Thị Luyến | AO95: 19/06/2025 học viên trình độ kém, nên cho xuống prekaiwa 2 | BF95: =datevalue(B95) -> #VALUE! | BG95: =MONTH(B95) -> 12
AK96: Nguyễn Thành Vinh | AO96: 18/06/2025 Bữa đầu tiên còn chút rắc rối nhưng giờ đã hiểu cách chuẩn bị bài rồi ss Bữa sau chắc sẽ tốt hơn | AP96: 08/07/2025 Dạ e quen rồi ạ | AQ96: 23/07/2025 @Chika Sensei thấy cũng đỡ 1 hơn 1 chút ạ | BF96: =datevalue(B96) -> #VALUE! | BG96: =MONTH(B96) -> 12
AK97: Nguyễn Thị Phượng | AO97: 18/06/2025 dạ GV ổn ạ, còn chuẩn bi bài hơi chưa tốt | AP97: 23/06/2025 Giờ e cuzng quên dần rồi ss ạ | BF97: =datevalue(B97) -> #VALUE! | BG97: =MONTH(B97) -> 12
AK98: Trần Tuấn Việt | AO98: 18/06/2025 Dạ tốt ạ , tạm thời chưa có gặp khó khăn gì ạ , thấy giảng dễ hiểu nói vừa đủ nghe ạ | AP98: 23/06/2025 Dạ em quen dần rồi ạ Em cảm ơn SS ạ | AQ98: 11/07/2025 Dạ em thấy tiến bộ một chút rồi ạ , thầy sửa cho em từng chút một để tiếng nhật trở nên tự nhiên hơn , tuy rằng em chưa thuần thục được nhưng cứ tiếp tục học và luyện tập em nghĩ chắc chắn sẽ được ạ | BF98: =datevalue(B98) -> #VALUE! | BG98: =MONTH(B98) -> 12
AK99: Ngô Thị Chiên | AP99: 11/07/2025 đợi ph | AQ99: 23/07/2025 tốt ạ | BF99: =datevalue(B99) -> #VALUE! | BG99: =MONTH(B99) -> 12
AK100: Nguyễn Lê Bích Quyên | AO100: 20/06/2025 e thấy SS nc dễ nghe ah, tốc độ cũng vừa phải | AP100: 27/06/2025 1/3 dạ rồi ạ | AQ100: 21/08/2025 đợi ph | BF100: =datevalue(B100) -> #VALUE! | BG100: =MONTH(B100) -> 12
...

Sheet 3.Chấm buổi
J1: =today() -> 46283 | Y1: 2026 | AC1: Tháng 1 | BN1: Tháng 2 | CV1: Tháng 3 | EG1: 45748 | FQ1: 46143 | HB1: 46174 | IL1: 46204 | JW1: 46235 | LH1: 46266 | MR1: 46296 | OC1: 46327 | PM1: 46357
A2: ID | B2: Họ tên HV | C2: Gói học | D2: Nội dung khoá | E2: Tổng số buổi | F2: Khoá học | G2: Email | H2: Mô hình | I2: Số buổi còn lại | J2: Ngày bắt đầu học | K2: Trạng thái | L2: Ngày kết thúc/Bảo lưu | M2: Giờ học (1) | N2: Lịch học (1) | O2: Thời lượng buổi học (1) | P2: Giờ học (2) | Q2: Lịch học (2) | R2: Thời lượng buổi học (2) | S2: Vòng lặp | T2: Ngày học | U2: Giáo viên | V2: Mã GV | W2: Tên lớp | X2: Tổng số buổi đã học | Y2: Tổng số buổi đã học | Z2: Tổng số buổi HV nghỉ có phép | AA2: Tổng số buổi HV nghỉ không phép | AB2: Tổng số buổi GV nghỉ | AC2: Số buổi đã học | AD2: Số buổi xin nghỉ có phép A | AE2: Số buổi bảo lưu B | AF2: Số buổi nghỉ sai quy định C | AG2: Số buổi GV xin nghỉ D | AH2: Số buổi lỗi kĩ thuật E | AI2: 46023 | AJ2: 46024 | AK2: 46025 | AL2: 46026 | AM2: 46027 | AN2: 46028 | AO2: 46029 | AP2: 46030 | AQ2: 46031 | AR2: 46032 | AS2: 46033 | AT2: 46034 | AU2: 46035 | AV2: 46036 | AW2: 46037 | AX2: 46038 | AY2: 46039 | AZ2: 46040 | BA2: 46041 | BB2: 46042 | BC2: 46043 | BD2: 46044 | BE2: 46045 | BF2: 46046 | BG2: 46047 | BH2: 46048 | BI2: 46049 | BJ2: 46050 | BK2: 46051 | BL2: 46052 | BM2: 46053 | BN2: Số buổi đã học | BO2: Số buổi xin nghỉ có phép A | BP2: Số buổi bảo lưu B | BQ2: Số buổi nghỉ sai quy định C | BR2: Số buổi GV xin nghỉ D | BS2: Số buổi lỗi kĩ thuật E | BT2: 46054 | BU2: 46055 | BV2: 46056 | BW2: 46057 | BX2: 46058 | BY2: 46059 | BZ2: 46060 | CA2: 46061 | CB2: 46062 | CC2: 46063 | CD2: 46064 | CE2: 46065 | CF2: 46066 | CG2: 46067 | CH2: 46068 | CI2: 46069 | CJ2: 46070 | CK2: 46071 | CL2: 46072 | CM2: 46073 | CN2: 46074 | CO2: 46075 | CP2: 46076 | CQ2: 46077 | CR2: 46078 | CS2: 46079 | CT2: 46080 | CU2: 46081 | CV2: Số buổi đã học | CW2: Số buổi xin nghỉ có phép A | CX2: Số buổi bảo lưu B | CY2: Số buổi nghỉ sai quy định C | CZ2: Số buổi GV xin nghỉ D | DA2: Số buổi lỗi kĩ thuật E | DB2: 46082 | DC2: 46083 | DD2: 46084 | DE2: 46085 | DF2: 46086 | DG2: 46087 | DH2: 46088 | DI2: 46089 | DJ2: 46090 | DK2: 46091 | DL2: 46092 | DM2: 46093 | DN2: 46094 | DO2: 46095 | DP2: 46096 | DQ2: 46097 | DR2: 46098 | DS2: 46099 | DT2: 46100 | DU2: 46101 | DV2: 46102 | DW2: 46103 | DX2: 46104 | DY2: 46105 | DZ2: 46106 | EA2: 46107 | EB2: 46108 | EC2: 46109 | ED2: 46110 | EE2: 46111 | EF2: 46112 | EG2: Số buổi đã học | EH2: Số buổi xin nghỉ có phép A | EI2: Số buổi bảo lưu B | EJ2: Số buổi nghỉ sai quy định C | EK2: Số buổi GV xin nghỉ D | EL2: Số buổi lỗi kĩ thuật E | EM2: 46113 | EN2: 46114 | EO2: 46115 | EP2: 46116 | EQ2: 46117 | ER2: 46118 | ES2: 46119 | ET2: 46120 | EU2: 46121 | EV2: 46122 | EW2: 46123 | EX2: 46124 | EY2: 46125 | EZ2: 46126 | FA2: 46127 | FB2: 46128 | FC2: 46129 | FD2: 46130 | FE2: 46131 | FF2: 46132 | FG2: 46133 | FH2: 46134 | FI2: 46135 | FJ2: 46136 | FK2: 46137 | FL2: 46138 | FM2: 46139 | FN2: 46140 | FO2: 46141 | FP2: 46142 | FQ2: Số buổi đã học | FR2: Số buổi xin nghỉ có phép A | FS2: Số buổi bảo lưu B | FT2: Số buổi nghỉ sai quy định C | FU2: Số buổi GV xin nghỉ D | FV2: Số buổi lỗi kĩ thuật E | FW2: 46143 | FX2: 46144 | FY2: 46145 | FZ2: 46146 | GA2: 46147 | GB2: 46148 | GC2: 46149 | GD2: 46150 | GE2: 46151 | GF2: 46152 | GG2: 46153 | GH2: 46154 | GI2: 46155 | GJ2: 46156 | GK2: 46157 | GL2: 46158 | GM2: 46159 | GN2: 46160 | GO2: 46161 | GP2: 46162 | GQ2: 46163 | GR2: 46164 | GS2: 46165 | GT2: 46166 | GU2: 46167 | GV2: 46168 | GW2: 46169 | GX2: 46170 | GY2: 46171 | GZ2: 46172 | HA2: 46173 | HB2: Số buổi đã học | HC2: Số buổi xin nghỉ có phép A | HD2: Số buổi bảo lưu B | HE2: Số buổi nghỉ sai quy định C | HF2: Số buổi GV xin nghỉ D | HG2: Số buổi lỗi kĩ thuật E | HH2: 46174 | HI2: 46175 | HJ2: 46176 | HK2: 46177 | HL2: 46178 | HM2: 46179 | HN2: 46180 | HO2: 46181 | HP2: 46182 | HQ2: 46183 | HR2: 46184 | HS2: 46185 | HT2: 46186 | HU2: 46187 | HV2: 46188 | HW2: 46189 | HX2: 46190 | HY2: 46191 | HZ2: 46192 | IA2: 46193 | IB2: 46194 | IC2: 46195 | ID2: 46196 | IE2: 46197 | IF2: 46198 | IG2: 46199 | IH2: 46200 | II2: 46201 | IJ2: 46202 | IK2: 46203 | IL2: Số buổi đã học | IM2: Số buổi xin nghỉ có phép A | IN2: Số buổi bảo lưu B | IO2: Số buổi nghỉ sai quy định C | IP2: Số buổi GV xin nghỉ D | IQ2: Số buổi lỗi kĩ thuật E | IR2: 46204 | IS2: 46205 | IT2: 46206 | IU2: 46207 | IV2: 46208 | IW2: 46209 | IX2: 46210 | IY2: 46211 | IZ2: 46212 | JA2: 46213 | JB2: 46214 | JC2: 46215 | JD2: 46216 | JE2: 46217 | JF2: 46218 | JG2: 46219 | JH2: 46220 | JI2: 46221 | JJ2: 46222 | JK2: 46223 | JL2: 46224 | JM2: 46225 | JN2: 46226 | JO2: 46227 | JP2: 46228 | JQ2: 46229 | JR2: 46230 | JS2: 46231 | JT2: 46232 | JU2: 46233 | JV2: 46234 | JW2: Số buổi đã học | JX2: Số buổi xin nghỉ có phép A | JY2: Số buổi bảo lưu B | JZ2: Số buổi nghỉ sai quy định C | KA2: Số buổi GV xin nghỉ D | KB2: Số buổi lỗi kĩ thuật E | KC2: 46235 | KD2: 46236 | KE2: 46237 | KF2: 46238 | KG2: 46239 | KH2: 46240 | KI2: 46241 | KJ2: 46242 | KK2: 46243 | KL2: 46244 | KM2: 46245 | KN2: 46246 | KO2: 46247 | KP2: 46248 | KQ2: 46249 | KR2: 46250 | KS2: 46251 | KT2: 46252 | KU2: 46253 | KV2: 46254 | KW2: 46255 | KX2: 46256 | KY2: 46257 | KZ2: 46258 | LA2: 46259 | LB2: 46260 | LC2: 46261 | LD2: 46262 | LE2: 46263 | LF2: 46264 | LG2: 46265 | LH2: Số buổi đã học | LI2: Số buổi xin nghỉ có phép A | LJ2: Số buổi bảo lưu B | LK2: Số buổi nghỉ sai quy định C | LL2: Số buổi GV xin nghỉ D | LM2: Số buổi lỗi kĩ thuật E | LN2: 46266 | LO2: =LN2+1 -> 46267 | LP2: =LO2+1 -> 46268 | LQ2: =LP2+1 -> 46269 | LR2: =LQ2+1 -> 46270 | LS2: =LR2+1 -> 46271 | LT2: =LS2+1 -> 46272 | LU2: =LT2+1 -> 46273 | LV2: =LU2+1 -> 46274 | ... MQ2: =MP2+1 -> 46295 | MR2: Số buổi đã học | MS2: Số buổi xin nghỉ có phép A | MT2: Số buổi bảo lưu B | MU2: Số buổi nghỉ sai quy định C | MV2: Số buổi GV xin nghỉ D | MW2: Số buổi lỗi kĩ thuật E | MX2: 46296 | MY2: =MX2+1 -> 46297 | MZ2: =MY2+1 -> 46298 | NA2: =MZ2+1 -> 46299 | NB2: =NA2+1 -> 46300 | NC2: =NB2+1 -> 46301 | ND2: =NC2+1 -> 46302 | NE2: =ND2+1 -> 46303 | NF2: =NE2+1 -> 46304 | ... OB2: =OA2+1 -> 46326 | OC2: Số buổi đã học | OD2: Số buổi xin nghỉ có phép A | OE2: Số buổi bảo lưu B | OF2: Số buổi nghỉ sai quy định C | OG2: Số buổi GV xin nghỉ D | OH2: Số buổi lỗi kĩ thuật E | OI2: 46327 | OJ2: =OI2+1 -> 46328 | OK2: =OJ2+1 -> 46329 | OL2: =OK2+1 -> 46330 | OM2: =OL2+1 -> 46331 | ON2: =OM2+1 -> 46332 | OO2: =ON2+1 -> 46333 | OP2: =OO2+1 -> 46334 | OQ2: =OP2+1 -> 46335 | ... PL2: =PK2+1 -> 46356 | PM2: Số buổi đã học | PN2: Số buổi xin nghỉ có phép A | PO2: Số buổi bảo lưu B | PP2: Số buổi nghỉ sai quy định C | PQ2: Số buổi GV xin nghỉ D | PR2: Số buổi lỗi kĩ thuật E | PS2: 46357 | PT2: =PS2+1 -> 46358 | PU2: =PT2+1 -> 46359 | PV2: =PU2+1 -> 46360 | PW2: =PV2+1 -> 46361 | PX2: =PW2+1 -> 46362 | PY2: =PX2+1 -> 46363 | PZ2: =PY2+1 -> 46364 | QA2: =PZ2+1 -> 46365 | ... QV2: =QU2+1 -> 46386 | QW2: 46387 | QX2: Ngày tạo tài khoản
A3: =IFERROR(__xludf.DUMMYFUNCTION("QUERY('1.Chăm sóc'!A4:AG14,""Select A,E,K,I,N,L,H,O"")"),4.20274574E8) -> 420274574 | B3: =IFERROR(__xludf.DUMMYFUNCTION("""COMPUTED_VALUE"""),"Đặng Văn Thạch") -> Đặng Văn Thạch | C3: =IFERROR(__xludf.DUMMYFUNCTION("""COMPUTED_VALUE"""),"SKAI231030VN") -> SKAI231030VN | D3: =IFERROR(__xludf.DUMMYFUNCTION("""COMPUTED_VALUE"""),"Thường") -> Thường | E3: =IFERROR(__xludf.DUMMYFUNCTION("""COMPUTED_VALUE"""),49.0) -> 49 | F3: =IFERROR(__xludf.DUMMYFUNCTION("""COMPUTED_VALUE"""),"GV Việt Nam") -> GV Việt Nam | G3: =IFERROR(__xludf.DUMMYFUNCTION("""COMPUTED_VALUE"""),"thachcd111cg2@gmail.com") -> thachcd111cg2@gmail.com | H3: =IFERROR(__xludf.DUMMYFUNCTION("""COMPUTED_VALUE"""),"Lớp 1-1") -> Lớp 1-1 | I3: =E3-Y3 -> 14 | J3: 45698 | K3: Bảo lưu | L3: 45736 | M3: 20h00 | N3: 246 | O3: 30 | U3: kojima/thaodtt | V3: GV33 | X3: 35 | Y3: =SUMIF($AC$2:QX$2,"Số buổi đã học",$AC3:QX3)+X3 -> 35 | Z3: =SUMIF($AC$2:QX$2,"Số buổi xin nghỉ có phép A",$AC3:QX3) -> 0 | AA3: =SUMIF($AC$2:QX$2,"Số buổi nghỉ sai quy định C",$AC3:QX3) -> 0 | AB3: =SUMIF($AC$2:QX$2,"Số buổi GV xin nghỉ D",$AC3:QX3) -> 0 | AC3: 0 | AD3: 0 | AE3: 0 | AF3: 0 | AG3: 0 | AH3: 0 | BN3: 0 | BO3: 0 | BP3: 0 | BQ3: 0 | BR3: 0 | BS3: 0 | CV3: 0 | CW3: 0 | CX3: 0 | CY3: 0 | CZ3: 0 | DA3: 0 | EG3: 0 | EH3: 0 | EI3: 0 | EJ3: 0 | EK3: 0 | EL3: 0 | FQ3: 0 | FR3: 0 | FS3: 0 | FT3: 0 | FU3: 0 | FV3: 0 | HB3: 0 | HC3: 0 | HD3: 0 | HE3: 0 | HF3: 0 | HG3: 0 | IL3: 0 | IM3: 0 | IN3: 0 | IO3: 0 | IP3: 0 | IQ3: 0 | JW3: 0 | JX3: 0 | JY3: 0 | JZ3: 0 | KA3: 0 | KB3: 0 | LH3: =Sum(LN3:MQ3)+LK3 -> 0 | LI3: =countif(LN3:MQ3,"A") -> 0 | LJ3: =countif(LN3:MRQ3,"B") -> 0 | LK3: =countif(LN3:MQ3,"C") -> 0 | LL3: =countif(LN3:MQ3,"D") -> 0 | LM3: =countif(LN3:MQ3,"E") -> 0 | QX3: 45750
A4: =IFERROR(__xludf.DUMMYFUNCTION("""COMPUTED_VALUE"""),4.20266164E8) -> 420266164 | B4: =IFERROR(__xludf.DUMMYFUNCTION("""COMPUTED_VALUE"""),"Phan Ngọc Khánh Linh") -> Phan Ngọc Khánh Linh | C4: =IFERROR(__xludf.DUMMYFUNCTION("""COMPUTED_VALUE"""),"SKAI11030VN") -> SKAI11030VN | D4: =IFERROR(__xludf.DUMMYFUNCTION("""COMPUTED_VALUE"""),"Thường") -> Thường | E4: =IFERROR(__xludf.DUMMYFUNCTION("""COMPUTED_VALUE"""),90.0) -> 90 | F4: =IFERROR(__xludf.DUMMYFUNCTION("""COMPUTED_VALUE"""),"GV Việt Nam") -> GV Việt Nam | G4: =IFERROR(__xludf.DUMMYFUNCTION("""COMPUTED_VALUE"""),"10.phanngockhanhlinh11a2@gmail.com") -> 10.phanngockhanhlinh11a2@gmail.com | H4: =IFERROR(__xludf.DUMMYFUNCTION("""COMPUTED_VALUE"""),"Lớp 1-1") -> Lớp 1-1 | I4: =E4-Y4 -> -1 | J4: 45735 | K4: Kết thúc | L4: 45859 | M4: 20h00 | N4: 246 | O4: 30 | U4: canhnt/quyentn/diempvk | V4: GV426 | X4: 83 | Y4: =SUMIF($AC$2:QX$2,"Số buổi đã học",$AC4:QX4)+X4 -> 91 | Z4: =SUMIF($AC$2:QX$2,"Số buổi xin nghỉ có phép A",$AC4:QX4) -> 0 | AA4: =SUMIF($AC$2:QX$2,"Số buổi nghỉ sai quy định C",$AC4:QX4) -> 0 | AB4: =SUMIF($AC$2:QX$2,"Số buổi GV xin nghỉ D",$AC4:QX4) -> 0 | AC4: 8 | AD4: 0 | AE4: 0 | AF4: 0 | AG4: 0 | AH4: 0 | AM4: 2 | AN4: 0 | AR4: 1 | AY4: 2 | BG4: 2 | BI4: 0 | BM4: 1 | BN4: 0 | BO4: 0 | BP4: 0 | BQ4: 0 | BR4: 0 | BS4: 0 | CV4: 0 | CW4: 0 | CX4: 0 | CY4: 0 | CZ4: 0 | DA4: 0 | EG4: 0 | EH4: 0 | EI4: 0 | EJ4: 0 | EK4: 0 | EL4: 0 | FQ4: 0 | FR4: 0 | FS4: 0 | FT4: 0 | FU4: 0 | FV4: 0 | HB4: 0 | HC4: 0 | HD4: 0 | HE4: 0 | HF4: 0 | HG4: 0 | IL4: 0 | IM4: 0 | IN4: 0 | IO4: 0 | IP4: 0 | IQ4: 0 | JW4: 0 | JX4: 0 | JY4: 0 | JZ4: 0 | KA4: 0 | KB4: 0 | LH4: =Sum(LN4:MQ4)+LK4 -> 0 | LI4: =countif(LN4:MQ4,"A") -> 0 | LJ4: =countif(LN4:MRQ4,"B") -> 0 | LK4: =countif(LN4:MQ4,"C") -> 0 | LL4: =countif(LN4:MQ4,"D") -> 0 | LM4: =countif(LN4:MQ4,"E") -> 0 | QX4: 45751
A5: =IFERROR(__xludf.DUMMYFUNCTION("""COMPUTED_VALUE"""),1.0052874E7) -> 10052874 | B5: =IFERROR(__xludf.DUMMYFUNCTION("""COMPUTED_VALUE"""),"Phạm Thị Thương") -> Phạm Thị Thương | C5: =IFERROR(__xludf.DUMMYFUNCTION("""COMPUTED_VALUE"""),"CKAI121030VN") -> CKAI121030VN | D5: =IFERROR(__xludf.DUMMYFUNCTION("""COMPUTED_VALUE"""),"Thường") -> Thường | E5: =IFERROR(__xludf.DUMMYFUNCTION("""COMPUTED_VALUE"""),60.0) -> 60 | F5: =IFERROR(__xludf.DUMMYFUNCTION("""COMPUTED_VALUE"""),"GV Việt Nam") -> GV Việt Nam | G5: =IFERROR(__xludf.DUMMYFUNCTION("""COMPUTED_VALUE"""),"phamthithuongnb93@gmail.com") -> phamthithuongnb93@gmail.com | H5: =IFERROR(__xludf.DUMMYFUNCTION("""COMPUTED_VALUE"""),"Lớp 1-1") -> Lớp 1-1 | I5: =E5-Y5 -> 0 | J5: 2025-03-24 2026-05-08 | K5: Kết thúc | L5: 46210 | M5: 17h10 | N5: 357 | O5: 30 | U5: /quyentn/diempvk | V5: GV396 | X5: 40 | Y5: =SUMIF($AC$2:QX$2,"Số buổi đã học",$AC5:QX5)+X5 -> 60 | Z5: =SUMIF($AC$2:QX$2,"Số buổi xin nghỉ có phép A",$AC5:QX5) -> 0 | AA5: =SUMIF($AC$2:QX$2,"Số buổi nghỉ sai quy định C",$AC5:QX5) -> 0 | AB5: =SUMIF($AC$2:QX$2,"Số buổi GV xin nghỉ D",$AC5:QX5) -> 0 | AC5: 8 | AD5: 0 | AE5: 0 | AF5: 0 | AG5: 0 | AH5: 0 | AI5: 0 | AK5: 1 | AL5: 0 | AM5: 0 | AN5: 1 | AO5: 0 | AP5: 1 | AQ5: 0 | AV5: 0 | AW5: 1 | AX5: 0 | AY5: 1 | BD5: 1 | BE5: 0 | BF5: 1 | BG5: 0 | BH5: 0 | BJ5: 0 | BK5: 1 | BL5: 0 | BN5: 1 | BO5: 0 | BP5: 0 | BQ5: 0 | BR5: 0 | BS5: 0 | BV5: 1 | CV5: 0 | CW5: 0 | CX5: 0 | CY5: 0 | CZ5: 0 | DA5: 0 | EG5: 0 | EH5: 0 | EI5: 0 | EJ5: 0 | EK5: 0 | EL5: 0 | FQ5: 6 | FR5: 0 | FS5: 0 | FT5: 0 | FU5: 0 | FV5: 0 | GC5: 1 | GI5: 1 | GJ5: 1 | GQ5: 1 | GW5: 1 | GX5: 1 | HB5: 4 | HC5: 0 | HD5: 0 | HE5: 0 | HF5: 0 | HG5: 0 | HK5: 1 | HX5: 1 | HY5: 1 | IF5: 1 | IL5: 1 | IM5: 0 | IN5: 0 | IO5: 0 | IP5: 0 | IQ5: 0 | IR5: 1 | JW5: 0 | JX5: 0 | JY5: 0 | JZ5: 0 | KA5: 0 | KB5: 0 | LH5: =Sum(LN5:MQ5)+LK5 -> 0 | LI5: =countif(LN5:MQ5,"A") -> 0 | LJ5: =countif(LN5:MRQ5,"B") -> 0 | LK5: =countif(LN5:MQ5,"C") -> 0 | LL5: =countif(LN5:MQ5,"D") -> 0 | LM5: =countif(LN5:MQ5,"E") -> 0 | QX5: 45751
A6: =IFERROR(__xludf.DUMMYFUNCTION("""COMPUTED_VALUE"""),4.20277244E8) -> 420277244 | B6: =IFERROR(__xludf.DUMMYFUNCTION("""COMPUTED_VALUE"""),"Trần Tế Hanh") -> Trần Tế Hanh | C6: =IFERROR(__xludf.DUMMYFUNCTION("""COMPUTED_VALUE"""),"CKAI231030VN") -> CKAI231030VN | D6: =IFERROR(__xludf.DUMMYFUNCTION("""COMPUTED_VALUE"""),"Thường") -> Thường | E6: =IFERROR(__xludf.DUMMYFUNCTION("""COMPUTED_VALUE"""),105.0) -> 105 | F6: =IFERROR(__xludf.DUMMYFUNCTION("""COMPUTED_VALUE"""),"GV Việt Nam") -> GV Việt Nam | G6: =IFERROR(__xludf.DUMMYFUNCTION("""COMPUTED_VALUE"""),"has2107@gmail.com") -> has2107@gmail.com | H6: =IFERROR(__xludf.DUMMYFUNCTION("""COMPUTED_VALUE"""),"Lớp 1-1") -> Lớp 1-1 | I6: =E6-Y6 -> 0 | K6: Đang học | M6: 17h10 | N6: 246 | O6: 30 | P6: 30 | U6: huylt | V6: GV265 | X6: 73 | Y6: =SUMIF($AC$2:QX$2,"Số buổi đã học",$AC6:QX6)+X6 -> 105 | Z6: =SUMIF($AC$2:QX$2,"Số buổi xin nghỉ có phép A",$AC6:QX6) -> 0 | AA6: =SUMIF($AC$2:QX$2,"Số buổi nghỉ sai quy định C",$AC6:QX6) -> 0 | AB6: =SUMIF($AC$2:QX$2,"Số buổi GV xin nghỉ D",$AC6:QX6) -> 0 | AC6: 4 | AD6: 0 | AE6: 0 | AF6: 0 | AG6: 0 | AH6: 0 | AO6: 1 | BB6: 1 | BH6: 1 | BL6: 1 | BM6: 0 | BN6: 2 | BO6: 0 | BP6: 0 | BQ6: 0 | BR6: 0 | BS6: 0 | CB6: 1 | CT6: 1 | CU6: 0 | CV6: 7 | CW6: 0 | CX6: 0 | CY6: 0 | CZ6: 0 | DA6: 0 | DB6: 0 | DC6: 1 | DD6: 0 | DF6: 0 | DG6: 1 | DN6: 1 | DS6: 1 | DX6: 1 | EB6: 1 | EC6: 0 | ED6: 0 | EE6: 1 | EF6: 0 | EG6: 3 | EH6: 0 | EI6: 0 | EJ6: 0 | EK6: 0 | EL6: 0 | ET6: 1 | EU6: 0 | EW6: 0 | EX6: 0 | EY6: 1 | EZ6: 0 | FA6: 1 | FQ6: 7 | FR6: 0 | FS6: 0 | FT6: 0 | FU6: 0 | FV6: 0 | FZ6: 1 | GB6: 1 | GD6: 1 | GG6: 1 | GN6: 1 | GQ6: 1 | GS6: 0 | GT6: 0 | GU6: 1 | HB6: 5 | HC6: 0 | HD6: 0 | HE6: 0 | HF6: 0 | HG6: 0 | HI6: 0 | HJ6: 1 | HK6: 0 | HL6: 1 | HM6: 0 | HN6: 0 | HO6: 0 | HP6: 0 | HQ6: 1 | HZ6: 1 | ID6: 0 | IE6: 1 | IL6: 4 | IM6: 0 | IN6: 0 | IO6: 0 | IP6: 0 | IQ6: 0 | IT6: 1 | JA6: 1 | JF6: 1 | JG6: 0 | JI6: 0 | JJ6: 0 | JL6: 0 | JM6: 1 | JN6: 0 | JP6: 0 | JQ6: 0 | JS6: 0 | JU6: 0 | JW6: 0 | JX6: 0 | JY6: 0 | JZ6: 0 | KA6: 0 | KB6: 0 | LH6: =Sum(LN6:MQ6)+LK6 -> 0 | LI6: =countif(LN6:MQ6,"A") -> 0 | LJ6: =countif(LN6:MRQ6,"B") -> 0 | LK6: =countif(LN6:MQ6,"C") -> 0 | LL6: =countif(LN6:MQ6,"D") -> 0 | LM6: =countif(LN6:MQ6,"E") -> 0 | QX6: 45755
A7: =IFERROR(__xludf.DUMMYFUNCTION("""COMPUTED_VALUE"""),4.20270374E8) -> 420270374 | B7: =IFERROR(__xludf.DUMMYFUNCTION("""COMPUTED_VALUE"""),"Nguyễn Văn Trọng") -> Nguyễn Văn Trọng | C7: =IFERROR(__xludf.DUMMYFUNCTION("""COMPUTED_VALUE"""),"SKAI31030VN") -> SKAI31030VN | D7: =IFERROR(__xludf.DUMMYFUNCTION("""COMPUTED_VALUE"""),"Thường") -> Thường | E7: =IFERROR(__xludf.DUMMYFUNCTION("""COMPUTED_VALUE"""),93.29376854599407) -> 93.293769 | F7: =IFERROR(__xludf.DUMMYFUNCTION("""COMPUTED_VALUE"""),"GV Việt Nam") -> GV Việt Nam | G7: =IFERROR(__xludf.DUMMYFUNCTION("""COMPUTED_VALUE"""),"ba.trong.photo@gmail.com") -> ba.trong.photo@gmail.com | H7: =IFERROR(__xludf.DUMMYFUNCTION("""COMPUTED_VALUE"""),"Lớp 1-1") -> Lớp 1-1 | I7: =E7-Y7 -> 28.293769 | J7: 46088 | K7: Kết thúc | L7: 46098 | M7: 15h30 | O7: 70 | U7: Ueno | V7: GV363 | X7: 64 | Y7: =SUMIF($AC$2:QX$2,"Số buổi đã học",$AC7:QX7)+X7 -> 65 | Z7: =SUMIF($AC$2:QX$2,"Số buổi xin nghỉ có phép A",$AC7:QX7) -> 0 | AA7: =SUMIF($AC$2:QX$2,"Số buổi nghỉ sai quy định C",$AC7:QX7) -> 0 | AB7: =SUMIF($AC$2:QX$2,"Số buổi GV xin nghỉ D",$AC7:QX7) -> 0 | AC7: 0 | AD7: 0 | AE7: 0 | AF7: 0 | AG7: 0 | AH7: 0 | BN7: 0 | BO7: 0 | BP7: 0 | BQ7: 0 | BR7: 0 | BS7: 0 | CV7: 1 | CW7: 0 | CX7: 0 | CY7: 0 | CZ7: 0 | DA7: 0 | DH7: 1 | EG7: 0 | EH7: 0 | EI7: 0 | EJ7: 0 | EK7: 0 | EL7: 0 | FQ7: 0 | FR7: 0 | FS7: 0 | FT7: 0 | FU7: 0 | FV7: 0 | HB7: 0 | HC7: 0 | HD7: 0 | HE7: 0 | HF7: 0 | HG7: 0 | IL7: 0 | IM7: 0 | IN7: 0 | IO7: 0 | IP7: 0 | IQ7: 0 | JW7: 0 | JX7: 0 | JY7: 0 | JZ7: 0 | KA7: 0 | KB7: 0 | LH7: =Sum(LN7:MQ7)+LK7 -> 0 | LI7: =countif(LN7:MQ7,"A") -> 0 | LJ7: =countif(LN7:MRQ7,"B") -> 0 | LK7: =countif(LN7:MQ7,"C") -> 0 | LL7: =countif(LN7:MQ7,"D") -> 0 | LM7: =countif(LN7:MQ7,"E") -> 0 | QX7: 45755
A8: =IFERROR(__xludf.DUMMYFUNCTION("""COMPUTED_VALUE"""),4.20272465E8) -> 420272465 | B8: =IFERROR(__xludf.DUMMYFUNCTION("""COMPUTED_VALUE"""),"Nguyễn Duy Đắc") -> Nguyễn Duy Đắc | C8: =IFERROR(__xludf.DUMMYFUNCTION("""COMPUTED_VALUE"""),"CKAI341030JP") -> CKAI341030JP | D8: =IFERROR(__xludf.DUMMYFUNCTION("""COMPUTED_VALUE"""),"Thường") -> Thường | E8: =IFERROR(__xludf.DUMMYFUNCTION("""COMPUTED_VALUE"""),150.0) -> 150 | F8: =IFERROR(__xludf.DUMMYFUNCTION("""COMPUTED_VALUE"""),"GV Nhật Bản") -> GV Nhật Bản | G8: =IFERROR(__xludf.DUMMYFUNCTION("""COMPUTED_VALUE"""),"duydac94@gmail.com") -> duydac94@gmail.com | H8: =IFERROR(__xludf.DUMMYFUNCTION("""COMPUTED_VALUE"""),"Lớp 1-1") -> Lớp 1-1 | I8: =E8-Y8 -> 1 | J8: 46087 | K8: Đang học | M8: 18h00 | N8: 246 | O8: 30 | U8: satou | V8: GV458 | W8: Nguyễn Duy Đắc - kaiwa 7 ( 17/05/2026 ) - 001 | X8: 94 | Y8: =SUMIF($AC$2:QX$2,"Số buổi đã học",$AC8:QX8)+X8 -> 149 | Z8: =SUMIF($AC$2:QX$2,"Số buổi xin nghỉ có phép A",$AC8:QX8) -> 0 | AA8: =SUMIF($AC$2:QX$2,"Số buổi nghỉ sai quy định C",$AC8:QX8) -> 0 | AB8: =SUMIF($AC$2:QX$2,"Số buổi GV xin nghỉ D",$AC8:QX8) -> 0 | AC8: 0 | AD8: 0 | AE8: 0 | AF8: 0 | AG8: 0 | AH8: 0 | BN8: 0 | BO8: 0 | BP8: 0 | BQ8: 0 | BR8: 0 | BS8: 0 | CV8: 10 | CW8: 0 | CX8: 0 | CY8: 0 | CZ8: 0 | DA8: 0 | DF8: 0 | DG8: 1 | DH8: 0 | DI8: 0 | DJ8: 1 | DK8: 0 | DL8: 1 | DM8: 0 | DN8: 1 | DO8: 0 | DP8: 0 | DQ8: 1 | DR8: 0 | DS8: 1 | DT8: 0 | DU8: 1 | DV8: 0 | DW8: 0 | DX8: 1 | DY8: 0 | DZ8: 1 | EA8: 0 | EB8: 1 | EG8: 10 | EH8: 0 | EI8: 0 | EJ8: 0 | EK8: 0 | EL8: 0 | EM8: 1 | EN8: 0 | EO8: 1 | EP8: 0 | EQ8: 0 | ER8: 1 | ES8: 0 | ET8: 1 | EU8: 0 | EV8: 1 | EW8: 0 | EX8: 0 | EZ8: 0 | FA8: 1 | FF8: 1 | FG8: 0 | FH8: 1 | FI8: 0 | FJ8: 1 | FO8: 1 | FP8: 0 | FQ8: 5 | FR8: 0 | FS8: 0 | FT8: 0 | FU8: 0 | FV8: 0 | FZ8: 1 | GD8: 1 | GE8: 0 | GF8: 0 | GG8: 1 | GI8: 1 | GK8: 1 | HB8: 10 | HC8: 0 | HD8: 0 | HE8: 0 | HF8: 0 | HG8: 0 | HH8: 1 | HI8: 0 | HJ8: 1 | HK8: 0 | HL8: 1 | HM8: 0 | HN8: 0 | HO8: 1 | HP8: 0 | HQ8: 1 | HR8: 0 | HT8: 0 | HU8: 0 | HV8: 1 | HW8: 0 | HX8: 1 | HY8: 0 | IA8: 0 | IB8: 0 | ID8: 0 | IE8: 1 | IF8: 0 | IG8: 1 | IH8: 0 | II8: 0 | IJ8: 1 | IK8: 0 | IL8: 9 | IM8: 0 | IN8: 0 | IO8: 0 | IP8: 0 | IQ8: 0 | IT8: 1 | IW8: 1 | IX8: 0 | IZ8: 0 | JA8: 1 | JB8: 0 | JC8: 0 | JD8: 1 | JE8: 0 | JG8: 0 | JH8: 1 | JI8: 0 | JJ8: 0 | JK8: 1 | JL8: 0 | JM8: 1 | JN8: 0 | JO8: 1 | JP8: 0 | JQ8: 0 | JR8: 1 | JS8: 0 | JU8: 0 | JW8: 6 | JX8: 0 | JY8: 0 | JZ8: 0 | KA8: 0 | KB8: 0 | KS8: 1 | KU8: 1 | KW8: 1 | KZ8: 1 | LB8: 1 | LD8: 1 | LH8: =Sum(LN8:MQ8)+LK8 -> 5 | LI8: =countif(LN8:MQ8,"A") -> 0 | LJ8: =countif(LN8:MRQ8,"B") -> 0 | LK8: =countif(LN8:MQ8,"C") -> 0 | LL8: =countif(LN8:MQ8,"D") -> 0 | LM8: =countif(LN8:MQ8,"E") -> 0 | LQ8: 1 | LT8: 1 | LW8: =IFS(TODAY()<=LW$2,0,WEEKDAY(LW$2)=2,1,WEEKDAY(LW$2)=3,0,WEEKDAY(LW$2)=4,1,WEEKDAY(LW$2)=5,0,WEEKDAY(LW$2)=6,1,WEEKDAY(LW$2)=7,0,WEEKDAY(LW$2)=1,0) -> 0 | LX8: =IFS(TODAY()<=LX$2,0,WEEKDAY(LX$2)=2,1,WEEKDAY(LX$2)=3,0,WEEKDAY(LX$2)=4,1,WEEKDAY(LX$2)=5,0,WEEKDAY(LX$2)=6,1,WEEKDAY(LX$2)=7,0,WEEKDAY(LX$2)=1,0) -> 1 | LY8: =IFS(TODAY()<=LY$2,0,WEEKDAY(LY$2)=2,1,WEEKDAY(LY$2)=3,0,WEEKDAY(LY$2)=4,1,WEEKDAY(LY$2)=5,0,WEEKDAY(LY$2)=6,1,WEEKDAY(LY$2)=7,0,WEEKDAY(LY$2)=1,0) -> 0 | LZ8: =IFS(TODAY()<=LZ$2,0,WEEKDAY(LZ$2)=2,1,WEEKDAY(LZ$2)=3,0,WEEKDAY(LZ$2)=4,1,WEEKDAY(LZ$2)=5,0,WEEKDAY(LZ$2)=6,1,WEEKDAY(LZ$2)=7,0,WEEKDAY(LZ$2)=1,0) -> 0 | MA8: =IFS(TODAY()<=MA$2,0,WEEKDAY(MA$2)=2,1,WEEKDAY(MA$2)=3,0,WEEKDAY(MA$2)=4,1,WEEKDAY(MA$2)=5,0,WEEKDAY(MA$2)=6,1,WEEKDAY(MA$2)=7,0,WEEKDAY(MA$2)=1,0) -> 1 | MB8: =IFS(TODAY()<=MB$2,0,WEEKDAY(MB$2)=2,1,WEEKDAY(MB$2)=3,0,WEEKDAY(MB$2)=4,1,WEEKDAY(MB$2)=5,0,WEEKDAY(MB$2)=6,1,WEEKDAY(MB$2)=7,0,WEEKDAY(MB$2)=1,0) -> 0 | MC8: =IFS(TODAY()<=MC$2,0,WEEKDAY(MC$2)=2,1,WEEKDAY(MC$2)=3,0,WEEKDAY(MC$2)=4,1,WEEKDAY(MC$2)=5,0,WEEKDAY(MC$2)=6,1,WEEKDAY(MC$2)=7,0,WEEKDAY(MC$2)=1,0) -> 1 | MD8: =IFS(TODAY()<=MD$2,0,WEEKDAY(MD$2)=2,1,WEEKDAY(MD$2)=3,0,WEEKDAY(MD$2)=4,1,WEEKDAY(MD$2)=5,0,WEEKDAY(MD$2)=6,1,WEEKDAY(MD$2)=7,0,WEEKDAY(MD$2)=1,0) -> 0 | ... MQ8: =IFS(TODAY()<=MQ$2,0,WEEKDAY(MQ$2)=2,1,WEEKDAY(MQ$2)=3,0,WEEKDAY(MQ$2)=4,1,WEEKDAY(MQ$2)=5,0,WEEKDAY(MQ$2)=6,1,WEEKDAY(MQ$2)=7,0,WEEKDAY(MQ$2)=1,0) -> 0 | QX8: 45755
A9: =IFERROR(__xludf.DUMMYFUNCTION("""COMPUTED_VALUE"""),4.20273234E8) -> 420273234 | B9: =IFERROR(__xludf.DUMMYFUNCTION("""COMPUTED_VALUE"""),"Nguyễn Thị Hạnh") -> Nguyễn Thị Hạnh | C9: =IFERROR(__xludf.DUMMYFUNCTION("""COMPUTED_VALUE"""),"SKAI51030JP") -> SKAI51030JP | D9: =IFERROR(__xludf.DUMMYFUNCTION("""COMPUTED_VALUE"""),"Thường") -> Thường | E9: =IFERROR(__xludf.DUMMYFUNCTION("""COMPUTED_VALUE"""),30.0) -> 30 | F9: =IFERROR(__xludf.DUMMYFUNCTION("""COMPUTED_VALUE"""),"GV Nhật Bản") -> GV Nhật Bản | G9: =IFERROR(__xludf.DUMMYFUNCTION("""COMPUTED_VALUE"""),"nguyenhanh150197@gmail.com") -> nguyenhanh150197@gmail.com | H9: =IFERROR(__xludf.DUMMYFUNCTION("""COMPUTED_VALUE"""),"Lớp 1-1") -> Lớp 1-1 | I9: =E9-Y9 -> 14 | J9: 46115 | K9: Kết thúc | L9: 46132 | M9: 09h30 | N9: LKCD | O9: 30 | U9: joji | V9: GV32 | X9: 12 | Y9: =SUMIF($AC$2:QX$2,"Số buổi đã học",$AC9:QX9)+X9 -> 16 | Z9: =SUMIF($AC$2:QX$2,"Số buổi xin nghỉ có phép A",$AC9:QX9) -> 0 | AA9: =SUMIF($AC$2:QX$2,"Số buổi nghỉ sai quy định C",$AC9:QX9) -> 0 | AB9: =SUMIF($AC$2:QX$2,"Số buổi GV xin nghỉ D",$AC9:QX9) -> 0 | AC9: 0 | AD9: 0 | AE9: 0 | AF9: 0 | AG9: 0 | AH9: 0 | BN9: 0 | BO9: 0 | BP9: 0 | BQ9: 0 | BR9: 0 | BS9: 0 | CV9: 0 | CW9: 0 | CX9: 0 | CY9: 0 | CZ9: 0 | DA9: 0 | EG9: 4 | EH9: 0 | EI9: 0 | EJ9: 0 | EK9: 0 | EL9: 0 | EO9: 1 | ER9: 1 | ET9: 1 | EV9: 1 | FQ9: 0 | FR9: 0 | FS9: 0 | FT9: 0 | FU9: 0 | FV9: 0 | HB9: 0 | HC9: 0 | HD9: 0 | HE9: 0 | HF9: 0 | HG9: 0 | IL9: 0 | IM9: 0 | IN9: 0 | IO9: 0 | IP9: 0 | IQ9: 0 | JW9: 0 | JX9: 0 | JY9: 0 | JZ9: 0 | KA9: 0 | KB9: 0 | LH9: =Sum(LN9:MQ9)+LK9 -> 0 | LI9: =countif(LN9:MQ9,"A") -> 0 | LJ9: =countif(LN9:MRQ9,"B") -> 0 | LK9: =countif(LN9:MQ9,"C") -> 0 | LL9: =countif(LN9:MQ9,"D") -> 0 | LM9: =countif(LN9:MQ9,"E") -> 0 | QX9: 45756
A10: =IFERROR(__xludf.DUMMYFUNCTION("""COMPUTED_VALUE"""),4.20276012E8) -> 420276012 | B10: =IFERROR(__xludf.DUMMYFUNCTION("""COMPUTED_VALUE"""),"Nguyễn Thị Thuỷ") -> Nguyễn Thị Thuỷ | C10: =IFERROR(__xludf.DUMMYFUNCTION("""COMPUTED_VALUE"""),"CKAI231030VN") -> CKAI231030VN | D10: =IFERROR(__xludf.DUMMYFUNCTION("""COMPUTED_VALUE"""),"Thường") -> Thường | E10: =IFERROR(__xludf.DUMMYFUNCTION("""COMPUTED_VALUE"""),60.0096) -> 60.0096 | F10: =IFERROR(__xludf.DUMMYFUNCTION("""COMPUTED_VALUE"""),"GV Việt Nam") -> GV Việt Nam | G10: =IFERROR(__xludf.DUMMYFUNCTION("""COMPUTED_VALUE"""),"tamthuyan1991@gmail.com") -> tamthuyan1991@gmail.com | H10: =IFERROR(__xludf.DUMMYFUNCTION("""COMPUTED_VALUE"""),"Lớp 1-1") -> Lớp 1-1 | I10: =E10-Y10 -> 39.0096 | K10: Kết thúc | L10: 46125 | X10: 17 | Y10: =SUMIF($AC$2:QX$2,"Số buổi đã học",$AC10:QX10)+X10 -> 21 | Z10: =SUMIF($AC$2:QX$2,"Số buổi xin nghỉ có phép A",$AC10:QX10) -> 0 | AA10: =SUMIF($AC$2:QX$2,"Số buổi nghỉ sai quy định C",$AC10:QX10) -> 1 | AB10: =SUMIF($AC$2:QX$2,"Số buổi GV xin nghỉ D",$AC10:QX10) -> 0 | AC10: 0 | AD10: 0 | AE10: 0 | AF10: 0 | AG10: 0 | AH10: 0 | BN10: 0 | BO10: 0 | BP10: 0 | BQ10: 0 | BR10: 0 | BS10: 0 | CV10: 0 | CW10: 0 | CX10: 0 | CY10: 0 | CZ10: 0 | DA10: 0 | EG10: 0 | EH10: 0 | EI10: 0 | EJ10: 0 | EK10: 0 | EL10: 0 | FQ10: 0 | FR10: 0 | FS10: 0 | FT10: 0 | FU10: 0 | FV10: 0 | HB10: 0 | HC10: 0 | HD10: 0 | HE10: 0 | HF10: 0 | HG10: 0 | IL10: 0 | IM10: 0 | IN10: 0 | IO10: 0 | IP10: 0 | IQ10: 0 | JW10: 0 | JX10: 0 | JY10: 0 | JZ10: 0 | KA10: 0 | KB10: 0 | LH10: =Sum(LN10:MQ10)+LK10 -> 4 | LI10: =countif(LN10:MQ10,"A") -> 0 | LJ10: =countif(LN10:MRQ10,"B") -> 0 | LK10: =countif(LN10:MQ10,"C") -> 1 | LL10: =countif(LN10:MQ10,"D") -> 0 | LM10: =countif(LN10:MQ10,"E") -> 0 | LP10: c | LQ10: 2 | LU10: 1 | QX10: 45757
A11: =IFERROR(__xludf.DUMMYFUNCTION("""COMPUTED_VALUE"""),4.20276401E8) -> 420276401 | B11: =IFERROR(__xludf.DUMMYFUNCTION("""COMPUTED_VALUE"""),"Lê Thị Kim Duyên") -> Lê Thị Kim Duyên | C11: =IFERROR(__xludf.DUMMYFUNCTION("""COMPUTED_VALUE"""),"SKAI61030JP") -> SKAI61030JP | D11: =IFERROR(__xludf.DUMMYFUNCTION("""COMPUTED_VALUE"""),"Thường") -> Thường | E11: =IFERROR(__xludf.DUMMYFUNCTION("""COMPUTED_VALUE"""),120.0) -> 120 | F11: =IFERROR(__xludf.DUMMYFUNCTION("""COMPUTED_VALUE"""),"GV Nhật Bản") -> GV Nhật Bản | G11: =IFERROR(__xludf.DUMMYFUNCTION("""COMPUTED_VALUE"""),"ngocle080885@gmail.com") -> ngocle080885@gmail.com | H11: =IFERROR(__xludf.DUMMYFUNCTION("""COMPUTED_VALUE"""),"Lớp 1-1") -> Lớp 1-1 | I11: =E11-Y11 -> 107 | K11: Bảo lưu | X11: 13 | Y11: =SUMIF($AC$2:QX$2,"Số buổi đã học",$AC11:QX11)+X11 -> 13 | Z11: =SUMIF($AC$2:QX$2,"Số buổi xin nghỉ có phép A",$AC11:QX11) -> 0 | AA11: =SUMIF($AC$2:QX$2,"Số buổi nghỉ sai quy định C",$AC11:QX11) -> 0 | AB11: =SUMIF($AC$2:QX$2,"Số buổi GV xin nghỉ D",$AC11:QX11) -> 0 | AC11: 0 | AD11: 0 | AE11: 0 | AF11: 0 | AG11: 0 | AH11: 0 | BN11: 0 | BO11: 0 | BP11: 0 | BQ11: 0 | BR11: 0 | BS11: 0 | CV11: 0 | CW11: 0 | CX11: 0 | CY11: 0 | CZ11: 0 | DA11: 0 | EG11: 0 | EH11: 0 | EI11: 0 | EJ11: 0 | EK11: 0 | EL11: 0 | FQ11: 0 | FR11: 0 | FS11: 0 | FT11: 0 | FU11: 0 | FV11: 0 | HB11: 0 | HC11: 0 | HD11: 0 | HE11: 0 | HF11: 0 | HG11: 0 | IL11: 0 | IM11: 0 | IN11: 0 | IO11: 0 | IP11: 0 | IQ11: 0 | JW11: 0 | JX11: 0 | JY11: 0 | JZ11: 0 | KA11: 0 | KB11: 0 | LH11: =Sum(LN11:MQ11)+LK11 -> 0 | LI11: =countif(LN11:MQ11,"A") -> 0 | LJ11: =countif(LN11:MRQ11,"B") -> 0 | LK11: =countif(LN11:MQ11,"C") -> 0 | LL11: =countif(LN11:MQ11,"D") -> 0 | LM11: =countif(LN11:MQ11,"E") -> 0 | QX11: 45758
A12: =IFERROR(__xludf.DUMMYFUNCTION("""COMPUTED_VALUE"""),4.20277322E8) -> 420277322 | B12: =IFERROR(__xludf.DUMMYFUNCTION("""COMPUTED_VALUE"""),"Vũ Thi Anh") -> Vũ Thi Anh | C12: =IFERROR(__xludf.DUMMYFUNCTION("""COMPUTED_VALUE"""),"SKAI41030JP") -> SKAI41030JP | D12: =IFERROR(__xludf.DUMMYFUNCTION("""COMPUTED_VALUE"""),"Thường") -> Thường | E12: =IFERROR(__xludf.DUMMYFUNCTION("""COMPUTED_VALUE"""),30.0) -> 30 | F12: =IFERROR(__xludf.DUMMYFUNCTION("""COMPUTED_VALUE"""),"GV Nhật Bản") -> GV Nhật Bản | G12: =IFERROR(__xludf.DUMMYFUNCTION("""COMPUTED_VALUE"""),"anhvu40006@gmail.com") -> anhvu40006@gmail.com | H12: =IFERROR(__xludf.DUMMYFUNCTION("""COMPUTED_VALUE"""),"Lớp 1-1") -> Lớp 1-1 | I12: =E12-Y12 -> 12 | K12: Kết thúc | X12: 18 | Y12: =SUMIF($AC$2:QX$2,"Số buổi đã học",$AC12:QX12)+X12 -> 18 | Z12: =SUMIF($AC$2:QX$2,"Số buổi xin nghỉ có phép A",$AC12:QX12) -> 0 | AA12: =SUMIF($AC$2:QX$2,"Số buổi nghỉ sai quy định C",$AC12:QX12) -> 0 | AB12: =SUMIF($AC$2:QX$2,"Số buổi GV xin nghỉ D",$AC12:QX12) -> 0 | AC12: 0 | AD12: 0 | AE12: 0 | AF12: 0 | AG12: 0 | AH12: 0 | BN12: 0 | BO12: 0 | BP12: 0 | BQ12: 0 | BR12: 0 | BS12: 0 | CV12: 0 | CW12: 0 | CX12: 0 | CY12: 0 | CZ12: 0 | DA12: 0 | EG12: 0 | EH12: 0 | EI12: 0 | EJ12: 0 | EK12: 0 | EL12: 0 | FQ12: 0 | FR12: 0 | FS12: 0 | FT12: 0 | FU12: 0 | FV12: 0 | HB12: 0 | HC12: 0 | HD12: 0 | HE12: 0 | HF12: 0 | HG12: 0 | IL12: 0 | IM12: 0 | IN12: 0 | IO12: 0 | IP12: 0 | IQ12: 0 | JW12: 0 | JX12: 0 | JY12: 0 | JZ12: 0 | KA12: 0 | KB12: 0 | LH12: =Sum(LN12:MQ12)+LK12 -> 0 | LI12: =countif(LN12:MQ12,"A") -> 0 | LJ12: =countif(LN12:MRQ12,"B") -> 0 | LK12: =countif(LN12:MQ12,"C") -> 0 | LL12: =countif(LN12:MQ12,"D") -> 0 | LM12: =countif(LN12:MQ12,"E") -> 0 | QX12: 45758
A13: =IFERROR(__xludf.DUMMYFUNCTION("""COMPUTED_VALUE"""),4.20276218E8) -> 420276218 | B13: =IFERROR(__xludf.DUMMYFUNCTION("""COMPUTED_VALUE"""),"Bùi Vi Lâm") -> Bùi Vi Lâm | C13: =IFERROR(__xludf.DUMMYFUNCTION("""COMPUTED_VALUE"""),"SKAI21030VN") -> SKAI21030VN | D13: =IFERROR(__xludf.DUMMYFUNCTION("""COMPUTED_VALUE"""),"Thường") -> Thường | E13: =IFERROR(__xludf.DUMMYFUNCTION("""COMPUTED_VALUE"""),60.0) -> 60 | F13: =IFERROR(__xludf.DUMMYFUNCTION("""COMPUTED_VALUE"""),"GV Việt Nam") -> GV Việt Nam | G13: =IFERROR(__xludf.DUMMYFUNCTION("""COMPUTED_VALUE"""),"Vilambui1818@gmail.com") -> Vilambui1818@gmail.com | H13: =IFERROR(__xludf.DUMMYFUNCTION("""COMPUTED_VALUE"""),"Lớp 1-1") -> Lớp 1-1 | I13: =E13-Y13 -> 0 | J13: 46078 | K13: Kết thúc | L13: 45978 | M13: 19h30 | N13: 247 | O13: 30 | U13: Ueno/hangktt/thanhnn | V13: GV363 | W13: Bùi Vi Lâm - kaiwa 2 ( 19/03/2025 ) - 001 Bùi Vi Lâm - kaiwa 3 ( 11/02/2026 ) - 001 | X13: 30 | Y13: =SUMIF($AC$2:QX$2,"Số buổi đã học",$AC13:QX13)+X13 -> 60 | Z13: =SUMIF($AC$2:QX$2,"Số buổi xin nghỉ có phép A",$AC13:QX13) -> 0 | AA13: =SUMIF($AC$2:QX$2,"Số buổi nghỉ sai quy định C",$AC13:QX13) -> 0 | AB13: =SUMIF($AC$2:QX$2,"Số buổi GV xin nghỉ D",$AC13:QX13) -> 0 | AC13: 0 | AD13: 0 | AE13: 0 | AF13: 0 | AG13: 0 | AH13: 0 | BN13: 2 | BO13: 0 | BP13: 0 | BQ13: 0 | BR13: 0 | BS13: 0 | CR13: 2 | CV13: 10 | CW13: 0 | CX13: 0 | CY13: 0 | CZ13: 0 | DA13: 0 | DC13: 1 | DE13: 1 | DJ13: 1 | DL13: 1 | DQ13: 1 | DS13: 1 | DX13: 1 | EA13: 1 | EC13: 1 | EE13: 1 | EG13: 10 | EH13: 0 | EI13: 0 | EJ13: 0 | EK13: 0 | EL13: 0 | EM13: 1 | EP13: 1 | ER13: 1 | ET13: 1 | EW13: 1 | EY13: 1 | FA13: 1 | FD13: 1 | FF13: 1 | FJ13: 1 | FQ13: 8 | FR13: 0 | FS13: 0 | FT13: 0 | FU13: 0 | FV13: 0 | FZ13: 1 | GD13: 1 | GE13: 1 | GK13: 1 | GL13: 1 | GN13: 1 | GR13: 1 | GS13: 1 | HB13: 0 | HC13: 0 | HD13: 0 | HE13: 0 | HF13: 0 | HG13: 0 | IL13: 0 | IM13: 0 | IN13: 0 | IO13: 0 | IP13: 0 | IQ13: 0 | JW13: 0 | JX13: 0 | JY13: 0 | JZ13: 0 | KA13: 0 | KB13: 0 | LH13: =Sum(LN13:MQ13)+LK13 -> 0 | LI13: =countif(LN13:MQ13,"A") -> 0 | LJ13: =countif(LN13:MRQ13,"B") -> 0 | LK13: =countif(LN13:MQ13,"C") -> 0 | LL13: =countif(LN13:MQ13,"D") -> 0 | LM13: =countif(LN13:MQ13,"E") -> 0
A14: =IFERROR(__xludf.DUMMYFUNCTION("QUERY('1.Chăm sóc'!A15:AG1011,""Select A,E,K,I,N,L,H,O"")"),"#REF!") -> #REF! | I14: =E14-Y14 -> -90 | J14: 45756 | K14: Kết thúc | L14: 46141 | M14: 19h00 | N14: 357 | O14: 30 | U14: ngocttb/minhpt | V14: GV370 | W14: Trần Văn Ta - kaiwa 1 ( 07/04/2025 ) - 001 Trần Văn Ta - kaiwa 2 ( 28/07/2025 ) - 001 Trần Văn Ta - kaiwa 3 ( 03/11/2025 ) - 001 | X14: 80 | Y14: =SUMIF($AC$2:QX$2,"Số buổi đã học",$AC14:QX14)+X14 -> 90 | Z14: =SUMIF($AC$2:QX$2,"Số buổi xin nghỉ có phép A",$AC14:QX14) -> 0 | AA14: =SUMIF($AC$2:QX$2,"Số buổi nghỉ sai quy định C",$AC14:QX14) -> 0 | AB14: =SUMIF($AC$2:QX$2,"Số buổi GV xin nghỉ D",$AC14:QX14) -> 0 | AC14: 10 | AD14: 0 | AE14: 0 | AF14: 0 | AG14: 0 | AH14: 0 | AN14: 1 | AO14: 0 | AP14: 1 | AQ14: 0 | AS14: 1 | AT14: 0 | AU14: 1 | AV14: 0 | AW14: 1 | AX14: 0 | AY14: 1 | AZ14: 0 | BA14: 0 | BC14: 0 | BD14: 1 | BE14: 0 | BG14: 1 | BH14: 1 | BI14: 1 | BN14: 0 | BO14: 0 | BP14: 0 | BQ14: 0 | BR14: 0 | BS14: 0 | CV14: 0 | CW14: 0 | CX14: 0 | CY14: 0 | CZ14: 0 | DA14: 0 | EG14: 0 | EH14: 0 | EI14: 0 | EJ14: 0 | EK14: 0 | EL14: 0 | FQ14: 0 | FR14: 0 | FS14: 0 | FT14: 0 | FU14: 0 | FV14: 0 | HB14: 0 | HC14: 0 | HD14: 0 | HE14: 0 | HF14: 0 | HG14: 0 | IL14: 0 | IM14: 0 | IN14: 0 | IO14: 0 | IP14: 0 | IQ14: 0 | JW14: 0 | JX14: 0 | JY14: 0 | JZ14: 0 | KA14: 0 | KB14: 0 | LH14: =Sum(LN14:MQ14)+LK14 -> 0 | LI14: =countif(LN14:MQ14,"A") -> 0 | LJ14: =countif(LN14:MRQ14,"B") -> 0 | LK14: =countif(LN14:MQ14,"C") -> 0 | LL14: =countif(LN14:MQ14,"D") -> 0 | LM14: =countif(LN14:MQ14,"E") -> 0 | QX14: 45759
I15: =E15-Y15 -> -30 | J15: 45761 | K15: Kết thúc | L15: 45875 | M15: 18h30 | N15: 246 | O15: 30 | U15: diempvk | W15: Phạm Hồng Sơn - kaiwa 2 ( 11/04/2025 ) - 001 | X15: 30 | Y15: =SUMIF($AC$2:QX$2,"Số buổi đã học",$AC15:QX15)+X15 -> 30 | Z15: =SUMIF($AC$2:QX$2,"Số buổi xin nghỉ có phép A",$AC15:QX15) -> 0 | AA15: =SUMIF($AC$2:QX$2,"Số buổi nghỉ sai quy định C",$AC15:QX15) -> 0 | AB15: =SUMIF($AC$2:QX$2,"Số buổi GV xin nghỉ D",$AC15:QX15) -> 0 | AC15: 0 | AD15: 0 | AE15: 0 | AF15: 0 | AG15: 0 | AH15: 0 | BN15: 0 | BO15: 0 | BP15: 0 | BQ15: 0 | BR15: 0 | BS15: 0 | CV15: 0 | CW15: 0 | CX15: 0 | CY15: 0 | CZ15: 0 | DA15: 0 | EG15: 0 | EH15: 0 | EI15: 0 | EJ15: 0 | EK15: 0 | EL15: 0 | FQ15: 0 | FR15: 0 | FS15: 0 | FT15: 0 | FU15: 0 | FV15: 0 | HB15: 0 | HC15: 0 | HD15: 0 | HE15: 0 | HF15: 0 | HG15: 0 | IL15: 0 | IM15: 0 | IN15: 0 | IO15: 0 | IP15: 0 | IQ15: 0 | JW15: 0 | JX15: 0 | JY15: 0 | JZ15: 0 | KA15: 0 | KB15: 0 | LH15: =Sum(LN15:MQ15)+LK15 -> 0 | LI15: =countif(LN15:MQ15,"A") -> 0 | LJ15: =countif(LN15:MRQ15,"B") -> 0 | LK15: =countif(LN15:MQ15,"C") -> 0 | LL15: =countif(LN15:MQ15,"D") -> 0 | LM15: =countif(LN15:MQ15,"E") -> 0 | QX15: 45761
I16: =E16-Y16 -> -15 | J16: 45762 | K16: Kết thúc | L16: 45855 | M16: 19h00 | N16: 357 | O16: 30 | U16: linhntm | W16: Nguyễn Thành Tây - kaiwa 1 ( 10/04/2025 ) - 001 | X16: 15 | Y16: =SUMIF($AC$2:QX$2,"Số buổi đã học",$AC16:QX16)+X16 -> 15 | Z16: =SUMIF($AC$2:QX$2,"Số buổi xin nghỉ có phép A",$AC16:QX16) -> 0 | AA16: =SUMIF($AC$2:QX$2,"Số buổi nghỉ sai quy định C",$AC16:QX16) -> 0 | AB16: =SUMIF($AC$2:QX$2,"Số buổi GV xin nghỉ D",$AC16:QX16) -> 0 | AC16: 0 | AD16: 0 | AE16: 0 | AF16: 0 | AG16: 0 | AH16: 0 | BN16: 0 | BO16: 0 | BP16: 0 | BQ16: 0 | BR16: 0 | BS16: 0 | CV16: 0 | CW16: 0 | CX16: 0 | CY16: 0 | CZ16: 0 | DA16: 0 | EG16: 0 | EH16: 0 | EI16: 0 | EJ16: 0 | EK16: 0 | EL16: 0 | FQ16: 0 | FR16: 0 | FS16: 0 | FT16: 0 | FU16: 0 | FV16: 0 | HB16: 0 | HC16: 0 | HD16: 0 | HE16: 0 | HF16: 0 | HG16: 0 | IL16: 0 | IM16: 0 | IN16: 0 | IO16: 0 | IP16: 0 | IQ16: 0 | JW16: 0 | JX16: 0 | JY16: 0 | JZ16: 0 | KA16: 0 | KB16: 0 | LH16: =Sum(LN16:MQ16)+LK16 -> 0 | LI16: =countif(LN16:MQ16,"A") -> 0 | LJ16: =countif(LN16:MRQ16,"B") -> 0 | LK16: =countif(LN16:MQ16,"C") -> 0 | LL16: =countif(LN16:MQ16,"D") -> 0 | LM16: =countif(LN16:MQ16,"E") -> 0 | QX16: 45762
I17: =E17-Y17 -> -30 | J17: 45763 | K17: Kết thúc | L17: 45859 | M17: 17h30 17h00 | N17: 247 | O17: 30 | U17: kojima | W17: Hà Đức Quân - kaiwa 4 ( 12/04/2025 ) - 001 | X17: 30 | Y17: =SUMIF($AC$2:QX$2,"Số buổi đã học",$AC17:QX17)+X17 -> 30 | Z17: =SUMIF($AC$2:QX$2,"Số buổi xin nghỉ có phép A",$AC17:QX17) -> 0 | AA17: =SUMIF($AC$2:QX$2,"Số buổi nghỉ sai quy định C",$AC17:QX17) -> 0 | AB17: =SUMIF($AC$2:QX$2,"Số buổi GV xin nghỉ D",$AC17:QX17) -> 0 | AC17: 0 | AD17: 0 | AE17: 0 | AF17: 0 | AG17: 0 | AH17: 0 | BN17: 0 | BO17: 0 | BP17: 0 | BQ17: 0 | BR17: 0 | BS17: 0 | CV17: 0 | CW17: 0 | CX17: 0 | CY17: 0 | CZ17: 0 | DA17: 0 | EG17: 0 | EH17: 0 | EI17: 0 | EJ17: 0 | EK17: 0 | EL17: 0 | FQ17: 0 | FR17: 0 | FS17: 0 | FT17: 0 | FU17: 0 | FV17: 0 | HB17: 0 | HC17: 0 | HD17: 0 | HE17: 0 | HF17: 0 | HG17: 0 | IL17: 0 | IM17: 0 | IN17: 0 | IO17: 0 | IP17: 0 | IQ17: 0 | JW17: 0 | JX17: 0 | JY17: 0 | JZ17: 0 | KA17: 0 | KB17: 0 | LH17: =Sum(LN17:MQ17)+LK17 -> 0 | LI17: =countif(LN17:MQ17,"A") -> 0 | LJ17: =countif(LN17:MRQ17,"B") -> 0 | LK17: =countif(LN17:MQ17,"C") -> 0 | LL17: =countif(LN17:MQ17,"D") -> 0 | LM17: =countif(LN17:MQ17,"E") -> 0 | QX17: 45764
I18: =E18-Y18 -> -6 | J18: 45759 | K18: Kết thúc | L18: 45818 | M18: 14h00 | N18: 7Cn | O18: 30 | U18: izumi/matsuo | W18: Đỗ Văn Thiện - kaiwa 5 NHKS ( 14/04/2025 ) - 001 | X18: 6 | Y18: =SUMIF($AC$2:QX$2,"Số buổi đã học",$AC18:QX18)+X18 -> 6 | Z18: =SUMIF($AC$2:QX$2,"Số buổi xin nghỉ có phép A",$AC18:QX18) -> 0 | AA18: =SUMIF($AC$2:QX$2,"Số buổi nghỉ sai quy định C",$AC18:QX18) -> 0 | AB18: =SUMIF($AC$2:QX$2,"Số buổi GV xin nghỉ D",$AC18:QX18) -> 0 | AC18: 0 | AD18: 0 | AE18: 0 | AF18: 0 | AG18: 0 | AH18: 0 | BN18: 0 | BO18: 0 | BP18: 0 | BQ18: 0 | BR18: 0 | BS18: 0 | CV18: 0 | CW18: 0 | CX18: 0 | CY18: 0 | CZ18: 0 | DA18: 0 | EG18: 0 | EH18: 0 | EI18: 0 | EJ18: 0 | EK18: 0 | EL18: 0 | FQ18: 0 | FR18: 0 | FS18: 0 | FT18: 0 | FU18: 0 | FV18: 0 | HB18: 0 | HC18: 0 | HD18: 0 | HE18: 0 | HF18: 0 | HG18: 0 | IL18: 0 | IM18: 0 | IN18: 0 | IO18: 0 | IP18: 0 | IQ18: 0 | JW18: 0 | JX18: 0 | JY18: 0 | JZ18: 0 | KA18: 0 | KB18: 0 | LH18: =Sum(LN18:MQ18)+LK18 -> 0 | LI18: =countif(LN18:MQ18,"A") -> 0 | LJ18: =countif(LN18:MRQ18,"B") -> 0 | LK18: =countif(LN18:MQ18,"C") -> 0 | LL18: =countif(LN18:MQ18,"D") -> 0 | LM18: =countif(LN18:MQ18,"E") -> 0 | QX18: 45764
I19: =E19-Y19 -> -60 | J19: 45762 | K19: Kết thúc | L19: 45940 | M19: 18h30 | N19: 357 | O19: 30 | U19: kojima | W19: Dương Thuý Vy - kaiwa 4 kaigo ( 12/04/2025 ) - 001 Dương Thuý Vy - kaiwa 5 kaigo ( 13/07/2025 ) - 001 | X19: 60 | Y19: =SUMIF($AC$2:QX$2,"Số buổi đã học",$AC19:QX19)+X19 -> 60 | Z19: =SUMIF($AC$2:QX$2,"Số buổi xin nghỉ có phép A",$AC19:QX19) -> 0 | AA19: =SUMIF($AC$2:QX$2,"Số buổi nghỉ sai quy định C",$AC19:QX19) -> 0 | AB19: =SUMIF($AC$2:QX$2,"Số buổi GV xin nghỉ D",$AC19:QX19) -> 0 | AC19: 0 | AD19: 0 | AE19: 0 | AF19: 0 | AG19: 0 | AH19: 0 | BN19: 0 | BO19: 0 | BP19: 0 | BQ19: 0 | BR19: 0 | BS19: 0 | CV19: 0 | CW19: 0 | CX19: 0 | CY19: 0 | CZ19: 0 | DA19: 0 | EG19: 0 | EH19: 0 | EI19: 0 | EJ19: 0 | EK19: 0 | EL19: 0 | FQ19: 0 | FR19: 0 | FS19: 0 | FT19: 0 | FU19: 0 | FV19: 0 | HB19: 0 | HC19: 0 | HD19: 0 | HE19: 0 | HF19: 0 | HG19: 0 | IL19: 0 | IM19: 0 | IN19: 0 | IO19: 0 | IP19: 0 | IQ19: 0 | JW19: 0 | JX19: 0 | JY19: 0 | JZ19: 0 | KA19: 0 | KB19: 0 | LH19: =Sum(LN19:MQ19)+LK19 -> 0 | LI19: =countif(LN19:MQ19,"A") -> 0 | LJ19: =countif(LN19:MRQ19,"B") -> 0 | LK19: =countif(LN19:MQ19,"C") -> 0 | LL19: =countif(LN19:MQ19,"D") -> 0 | LM19: =countif(LN19:MQ19,"E") -> 0 | QX19: 45765
I20: =E20-Y20 -> -6 | J20: 45763 | K20: Kết thúc | L20: 46006 | M20: 17h30 | N20: 357 | O20: 30 | U20: quyentn/nunt | V20: GV396 | W20: 4 | X20: 6 | Y20: =SUMIF($AC$2:QX$2,"Số buổi đã học",$AC20:QX20)+X20 -> 6 | Z20: =SUMIF($AC$2:QX$2,"Số buổi xin nghỉ có phép A",$AC20:QX20) -> 0 | AA20: =SUMIF($AC$2:QX$2,"Số buổi nghỉ sai quy định C",$AC20:QX20) -> 0 | AB20: =SUMIF($AC$2:QX$2,"Số buổi GV xin nghỉ D",$AC20:QX20) -> 0 | AC20: 0 | AD20: 0 | AE20: 0 | AF20: 0 | AG20: 0 | AH20: 0 | BN20: 0 | BO20: 0 | BP20: 0 | BQ20: 0 | BR20: 0 | BS20: 0 | CV20: 0 | CW20: 0 | CX20: 0 | CY20: 0 | CZ20: 0 | DA20: 0 | EG20: 0 | EH20: 0 | EI20: 0 | EJ20: 0 | EK20: 0 | EL20: 0 | FQ20: 0 | FR20: 0 | FS20: 0 | FT20: 0 | FU20: 0 | FV20: 0 | HB20: 0 | HC20: 0 | HD20: 0 | HE20: 0 | HF20: 0 | HG20: 0 | IL20: 0 | IM20: 0 | IN20: 0 | IO20: 0 | IP20: 0 | IQ20: 0 | JW20: 0 | JX20: 0 | JY20: 0 | JZ20: 0 | KA20: 0 | KB20: 0 | LH20: =Sum(LN20:MQ20)+LK20 -> 0 | LI20: =countif(LN20:MQ20,"A") -> 0 | LJ20: =countif(LN20:MRQ20,"B") -> 0 | LK20: =countif(LN20:MQ20,"C") -> 0 | LL20: =countif(LN20:MQ20,"D") -> 0 | LM20: =countif(LN20:MQ20,"E") -> 0 | QX20: 45765
I21: =E21-Y21 -> -60 | J21: 45763 | K21: Kết thúc | L21: 46113 | M21: 14h30 | N21: 5 | O21: 30 | U21: sinhnt | V21: GV377 | W21: Trần Đức Biển - kaiwa 1 ( 14/04/2025 ) - 001 Trần Đức Biển - kaiwa 2 ( 01/07/2025 ) - 001 | X21: 43 | Y21: =SUMIF($AC$2:QX$2,"Số buổi đã học",$AC21:QX21)+X21 -> 60 | Z21: =SUMIF($AC$2:QX$2,"Số buổi xin nghỉ có phép A",$AC21:QX21) -> 0 | AA21: =SUMIF($AC$2:QX$2,"Số buổi nghỉ sai quy định C",$AC21:QX21) -> 0 | AB21: =SUMIF($AC$2:QX$2,"Số buổi GV xin nghỉ D",$AC21:QX21) -> 0 | AC21: 5 | AD21: 0 | AE21: 0 | AF21: 0 | AG21: 0 | AH21: 0 | AU21: 1 | AW21: 1 | BA21: 1 | BC21: 1 | BJ21: 1 | BN21: 6 | BO21: 0 | BP21: 0 | BQ21: 0 | BR21: 0 | BS21: 0 | BV21: 1 | BW21: 1 | CB21: 1 | CD21: 1 | CP21: 1 | CR21: 1 | CV21: 6 | CW21: 0 | CX21: 0 | CY21: 0 | CZ21: 0 | DA21: 0 | DD21: 1 | DE21: 1 | DJ21: 1 | DL21: 1 | DS21: 1 | DU21: 1 | EG21: 0 | EH21: 0 | EI21: 0 | EJ21: 0 | EK21: 0 | EL21: 0 | FQ21: 0 | FR21: 0 | FS21: 0 | FT21: 0 | FU21: 0 | FV21: 0 | HB21: 0 | HC21: 0 | HD21: 0 | HE21: 0 | HF21: 0 | HG21: 0 | IL21: 0 | IM21: 0 | IN21: 0 | IO21: 0 | IP21: 0 | IQ21: 0 | JW21: 0 | JX21: 0 | JY21: 0 | JZ21: 0 | KA21: 0 | KB21: 0 | LH21: =Sum(LN21:MQ21)+LK21 -> 0 | LI21: =countif(LN21:MQ21,"A") -> 0 | LJ21: =countif(LN21:MRQ21,"B") -> 0 | LK21: =countif(LN21:MQ21,"C") -> 0 | LL21: =countif(LN21:MQ21,"D") -> 0 | LM21: =countif(LN21:MQ21,"E") -> 0 | QX21: 45766
I22: =E22-Y22 -> -6 | J22: 45768 | K22: Kết thúc | L22: 46015 | M22: 18h00 | N22: 6 | O22: 30 | U22: hiềntt | V22: GV382 | W22: Nguyễn Thanh Xuân - kaiwa 3 ( 15/04/2025 ) - 001 | X22: 6 | Y22: =SUMIF($AC$2:QX$2,"Số buổi đã học",$AC22:QX22)+X22 -> 6 | Z22: =SUMIF($AC$2:QX$2,"Số buổi xin nghỉ có phép A",$AC22:QX22) -> 0 | AA22: =SUMIF($AC$2:QX$2,"Số buổi nghỉ sai quy định C",$AC22:QX22) -> 0 | AB22: =SUMIF($AC$2:QX$2,"Số buổi GV xin nghỉ D",$AC22:QX22) -> 0 | AC22: 0 | AD22: 0 | AE22: 0 | AF22: 0 | AG22: 0 | AH22: 0 | BN22: 0 | BO22: 0 | BP22: 0 | BQ22: 0 | BR22: 0 | BS22: 0 | CV22: 0 | CW22: 0 | CX22: 0 | CY22: 0 | CZ22: 0 | DA22: 0 | EG22: 0 | EH22: 0 | EI22: 0 | EJ22: 0 | EK22: 0 | EL22: 0 | FQ22: 0 | FR22: 0 | FS22: 0 | FT22: 0 | FU22: 0 | FV22: 0 | HB22: 0 | HC22: 0 | HD22: 0 | HE22: 0 | HF22: 0 | HG22: 0 | IL22: 0 | IM22: 0 | IN22: 0 | IO22: 0 | IP22: 0 | IQ22: 0 | JW22: 0 | JX22: 0 | JY22: 0 | JZ22: 0 | KA22: 0 | KB22: 0 | LH22: =Sum(LN22:MQ22)+LK22 -> 0 | LI22: =countif(LN22:MQ22,"A") -> 0 | LJ22: =countif(LN22:MRQ22,"B") -> 0 | LK22: =countif(LN22:MQ22,"C") -> 0 | LL22: =countif(LN22:MQ22,"D") -> 0 | LM22: =countif(LN22:MQ22,"E") -> 0 | QX22: 45768
I23: =E23-Y23 -> -30 | J23: 45765 | K23: Kết thúc | L23: 2025-05-19 2025-08-29 | M23: 20h00 | N23: 26 | O23: 30 | U23: thaodtt | W23: Lê Thị Kim Hoàng - kaiwa 1 ( 16/04/2025 ) - 001 Lê Thị Kim Hoàng - kaiwa 2 ( 27/06/2025 ) - 001 | X23: 30 | Y23: =SUMIF($AC$2:QX$2,"Số buổi đã học",$AC23:QX23)+X23 -> 30 | Z23: =SUMIF($AC$2:QX$2,"Số buổi xin nghỉ có phép A",$AC23:QX23) -> 0 | AA23: =SUMIF($AC$2:QX$2,"Số buổi nghỉ sai quy định C",$AC23:QX23) -> 0 | AB23: =SUMIF($AC$2:QX$2,"Số buổi GV xin nghỉ D",$AC23:QX23) -> 0 | AC23: 0 | AD23: 0 | AE23: 0 | AF23: 0 | AG23: 0 | AH23: 0 | BN23: 0 | BO23: 0 | BP23: 0 | BQ23: 0 | BR23: 0 | BS23: 0 | CV23: 0 | CW23: 0 | CX23: 0 | CY23: 0 | CZ23: 0 | DA23: 0 | EG23: 0 | EH23: 0 | EI23: 0 | EJ23: 0 | EK23: 0 | EL23: 0 | FQ23: 0 | FR23: 0 | FS23: 0 | FT23: 0 | FU23: 0 | FV23: 0 | HB23: 0 | HC23: 0 | HD23: 0 | HE23: 0 | HF23: 0 | HG23: 0 | IL23: 0 | IM23: 0 | IN23: 0 | IO23: 0 | IP23: 0 | IQ23: 0 | JW23: 0 | JX23: 0 | JY23: 0 | JZ23: 0 | KA23: 0 | KB23: 0 | LH23: =Sum(LN23:MQ23)+LK23 -> 0 | LI23: =countif(LN23:MQ23,"A") -> 0 | LJ23: =countif(LN23:MRQ23,"B") -> 0 | LK23: =countif(LN23:MQ23,"C") -> 0 | LL23: =countif(LN23:MQ23,"D") -> 0 | LM23: =countif(LN23:MQ23,"E") -> 0 | QX23: 45769
I24: =E24-Y24 -> -30 | J24: 45765 | K24: Kết thúc | L24: 45846 | M24: 18h20 | N24: 246 | O24: 30 | U24: quynhpt | W24: Nguyễn Ngọc Dung - Kaiwa 2 (18/04/2025) - 001 | X24: 30 | Y24: =SUMIF($AC$2:QX$2,"Số buổi đã học",$AC24:QX24)+X24 -> 30 | Z24: =SUMIF($AC$2:QX$2,"Số buổi xin nghỉ có phép A",$AC24:QX24) -> 0 | AA24: =SUMIF($AC$2:QX$2,"Số buổi nghỉ sai quy định C",$AC24:QX24) -> 0 | AB24: =SUMIF($AC$2:QX$2,"Số buổi GV xin nghỉ D",$AC24:QX24) -> 0 | AC24: 0 | AD24: 0 | AE24: 0 | AF24: 0 | AG24: 0 | AH24: 0 | BN24: 0 | BO24: 0 | BP24: 0 | BQ24: 0 | BR24: 0 | BS24: 0 | CV24: 0 | CW24: 0 | CX24: 0 | CY24: 0 | CZ24: 0 | DA24: 0 | EG24: 0 | EH24: 0 | EI24: 0 | EJ24: 0 | EK24: 0 | EL24: 0 | FQ24: 0 | FR24: 0 | FS24: 0 | FT24: 0 | FU24: 0 | FV24: 0 | HB24: 0 | HC24: 0 | HD24: 0 | HE24: 0 | HF24: 0 | HG24: 0 | IL24: 0 | IM24: 0 | IN24: 0 | IO24: 0 | IP24: 0 | IQ24: 0 | JW24: 0 | JX24: 0 | JY24: 0 | JZ24: 0 | KA24: 0 | KB24: 0 | LH24: =Sum(LN24:MQ24)+LK24 -> 0 | LI24: =countif(LN24:MQ24,"A") -> 0 | LJ24: =countif(LN24:MRQ24,"B") -> 0 | LK24: =countif(LN24:MQ24,"C") -> 0 | LL24: =countif(LN24:MQ24,"D") -> 0 | LM24: =countif(LN24:MQ24,"E") -> 0 | QX24: 45769
I25: =E25-Y25 -> -12 | J25: 45768 | K25: Kết thúc | L25: 45804 | M25: 15h30 | N25: 246 | O25: 30 | U25: sinhnt | W25: Hoàng Thị Lý - kaiwa 1 ( 18/04/2025 ) - 001 | X25: 12 | Y25: =SUMIF($AC$2:QX$2,"Số buổi đã học",$AC25:QX25)+X25 -> 12 | Z25: =SUMIF($AC$2:QX$2,"Số buổi xin nghỉ có phép A",$AC25:QX25) -> 0 | AA25: =SUMIF($AC$2:QX$2,"Số buổi nghỉ sai quy định C",$AC25:QX25) -> 0 | AB25: =SUMIF($AC$2:QX$2,"Số buổi GV xin nghỉ D",$AC25:QX25) -> 0 | AC25: 0 | AD25: 0 | AE25: 0 | AF25: 0 | AG25: 0 | AH25: 0 | BN25: 0 | BO25: 0 | BP25: 0 | BQ25: 0 | BR25: 0 | BS25: 0 | CV25: 0 | CW25: 0 | CX25: 0 | CY25: 0 | CZ25: 0 | DA25: 0 | EG25: 0 | EH25: 0 | EI25: 0 | EJ25: 0 | EK25: 0 | EL25: 0 | FQ25: 0 | FR25: 0 | FS25: 0 | FT25: 0 | FU25: 0 | FV25: 0 | HB25: 0 | HC25: 0 | HD25: 0 | HE25: 0 | HF25: 0 | HG25: 0 | IL25: 0 | IM25: 0 | IN25: 0 | IO25: 0 | IP25: 0 | IQ25: 0 | JW25: 0 | JX25: 0 | JY25: 0 | JZ25: 0 | KA25: 0 | KB25: 0 | LH25: =Sum(LN25:MQ25)+LK25 -> 0 | LI25: =countif(LN25:MQ25,"A") -> 0 | LJ25: =countif(LN25:MRQ25,"B") -> 0 | LK25: =countif(LN25:MQ25,"C") -> 0 | LL25: =countif(LN25:MQ25,"D") -> 0 | LM25: =countif(LN25:MQ25,"E") -> 0 | QX25: 45770
I26: =E26-Y26 -> -30 | J26: 45766 | K26: Kết thúc | L26: 45870 | M26: 18h00 | N26: 357 | O26: 30 | U26: hiepth | W26: Trần Văn Long - kaiwa 2 ( 19/04/2025 ) - 001 | X26: 30 | Y26: =SUMIF($AC$2:QX$2,"Số buổi đã học",$AC26:QX26)+X26 -> 30 | Z26: =SUMIF($AC$2:QX$2,"Số buổi xin nghỉ có phép A",$AC26:QX26) -> 0 | AA26: =SUMIF($AC$2:QX$2,"Số buổi nghỉ sai quy định C",$AC26:QX26) -> 0 | AB26: =SUMIF($AC$2:QX$2,"Số buổi GV xin nghỉ D",$AC26:QX26) -> 0 | AC26: 0 | AD26: 0 | AE26: 0 | AF26: 0 | AG26: 0 | AH26: 0 | BN26: 0 | BO26: 0 | BP26: 0 | BQ26: 0 | BR26: 0 | BS26: 0 | CV26: 0 | CW26: 0 | CX26: 0 | CY26: 0 | CZ26: 0 | DA26: 0 | EG26: 0 | EH26: 0 | EI26: 0 | EJ26: 0 | EK26: 0 | EL26: 0 | FQ26: 0 | FR26: 0 | FS26: 0 | FT26: 0 | FU26: 0 | FV26: 0 | HB26: 0 | HC26: 0 | HD26: 0 | HE26: 0 | HF26: 0 | HG26: 0 | IL26: 0 | IM26: 0 | IN26: 0 | IO26: 0 | IP26: 0 | IQ26: 0 | JW26: 0 | JX26: 0 | JY26: 0 | JZ26: 0 | KA26: 0 | KB26: 0 | LH26: =Sum(LN26:MQ26)+LK26 -> 0 | LI26: =countif(LN26:MQ26,"A") -> 0 | LJ26: =countif(LN26:MRQ26,"B") -> 0 | LK26: =countif(LN26:MQ26,"C") -> 0 | LL26: =countif(LN26:MQ26,"D") -> 0 | LM26: =countif(LN26:MQ26,"E") -> 0 | QX26: 45771
I27: =E27-Y27 -> -14 | J27: 45772 | K27: Kết thúc | L27: 45834 | M27: 18h00 | N27: 246 | O27: 30 | U27: chiaki | W27: Trịnh Thị Kiều Trang - kaiwa 4 ( 28/04/2025 ) - 001 | X27: 14 | Y27: =SUMIF($AC$2:QX$2,"Số buổi đã học",$AC27:QX27)+X27 -> 14 | Z27: =SUMIF($AC$2:QX$2,"Số buổi xin nghỉ có phép A",$AC27:QX27) -> 0 | AA27: =SUMIF($AC$2:QX$2,"Số buổi nghỉ sai quy định C",$AC27:QX27) -> 0 | AB27: =SUMIF($AC$2:QX$2,"Số buổi GV xin nghỉ D",$AC27:QX27) -> 0 | AC27: 0 | AD27: 0 | AE27: 0 | AF27: 0 | AG27: 0 | AH27: 0 | BN27: 0 | BO27: 0 | BP27: 0 | BQ27: 0 | BR27: 0 | BS27: 0 | CV27: 0 | CW27: 0 | CX27: 0 | CY27: 0 | CZ27: 0 | DA27: 0 | EG27: 0 | EH27: 0 | EI27: 0 | EJ27: 0 | EK27: 0 | EL27: 0 | FQ27: 0 | FR27: 0 | FS27: 0 | FT27: 0 | FU27: 0 | FV27: 0 | HB27: 0 | HC27: 0 | HD27: 0 | HE27: 0 | HF27: 0 | HG27: 0 | IL27: 0 | IM27: 0 | IN27: 0 | IO27: 0 | IP27: 0 | IQ27: 0 | JW27: 0 | JX27: 0 | JY27: 0 | JZ27: 0 | KA27: 0 | KB27: 0 | LH27: =Sum(LN27:MQ27)+LK27 -> 0 | LI27: =countif(LN27:MQ27,"A") -> 0 | LJ27: =countif(LN27:MRQ27,"B") -> 0 | LK27: =countif(LN27:MQ27,"C") -> 0 | LL27: =countif(LN27:MQ27,"D") -> 0 | LM27: =countif(LN27:MQ27,"E") -> 0 | QX27: 45772
I28: =E28-Y28 -> -30 | J28: 45768 | K28: Kết thúc | L28: 45847 | M28: 10h00 18h00 | N28: 246 | O28: 30 | U28: sinhnt | W28: Phan Thị Thu Cúc - kaiwa 2 ( 21/04/2025 ) - 001 | X28: 30 | Y28: =SUMIF($AC$2:QX$2,"Số buổi đã học",$AC28:QX28)+X28 -> 30 | Z28: =SUMIF($AC$2:QX$2,"Số buổi xin nghỉ có phép A",$AC28:QX28) -> 0 | AA28: =SUMIF($AC$2:QX$2,"Số buổi nghỉ sai quy định C",$AC28:QX28) -> 0 | AB28: =SUMIF($AC$2:QX$2,"Số buổi GV xin nghỉ D",$AC28:QX28) -> 0 | AC28: 0 | AD28: 0 | AE28: 0 | AF28: 0 | AG28: 0 | AH28: 0 | BN28: 0 | BO28: 0 | BP28: 0 | BQ28: 0 | BR28: 0 | BS28: 0 | CV28: 0 | CW28: 0 | CX28: 0 | CY28: 0 | CZ28: 0 | DA28: 0 | EG28: 0 | EH28: 0 | EI28: 0 | EJ28: 0 | EK28: 0 | EL28: 0 | FQ28: 0 | FR28: 0 | FS28: 0 | FT28: 0 | FU28: 0 | FV28: 0 | HB28: 0 | HC28: 0 | HD28: 0 | HE28: 0 | HF28: 0 | HG28: 0 | IL28: 0 | IM28: 0 | IN28: 0 | IO28: 0 | IP28: 0 | IQ28: 0 | JW28: 0 | JX28: 0 | JY28: 0 | JZ28: 0 | KA28: 0 | KB28: 0 | LH28: =Sum(LN28:MQ28)+LK28 -> 0 | LI28: =countif(LN28:MQ28,"A") -> 0 | LJ28: =countif(LN28:MRQ28,"B") -> 0 | LK28: =countif(LN28:MQ28,"C") -> 0 | LL28: =countif(LN28:MQ28,"D") -> 0 | LM28: =countif(LN28:MQ28,"E") -> 0 | QX28: 45775
I29: =E29-Y29 -> -30 | J29: 45769 | K29: Kết thúc | L29: 45892 | M29: 13h00 20h30 | N29: 3CN | O29: 30 | U29: sinhnt | W29: Đặng Văn Lý - kaiwa 3 ( 22/04/2025 ) - 001 | X29: 30 | Y29: =SUMIF($AC$2:QX$2,"Số buổi đã học",$AC29:QX29)+X29 -> 30 | Z29: =SUMIF($AC$2:QX$2,"Số buổi xin nghỉ có phép A",$AC29:QX29) -> 0 | AA29: =SUMIF($AC$2:QX$2,"Số buổi nghỉ sai quy định C",$AC29:QX29) -> 0 | AB29: =SUMIF($AC$2:QX$2,"Số buổi GV xin nghỉ D",$AC29:QX29) -> 0 | AC29: 0 | AD29: 0 | AE29: 0 | AF29: 0 | AG29: 0 | AH29: 0 | BN29: 0 | BO29: 0 | BP29: 0 | BQ29: 0 | BR29: 0 | BS29: 0 | CV29: 0 | CW29: 0 | CX29: 0 | CY29: 0 | CZ29: 0 | DA29: 0 | EG29: 0 | EH29: 0 | EI29: 0 | EJ29: 0 | EK29: 0 | EL29: 0 | FQ29: 0 | FR29: 0 | FS29: 0 | FT29: 0 | FU29: 0 | FV29: 0 | HB29: 0 | HC29: 0 | HD29: 0 | HE29: 0 | HF29: 0 | HG29: 0 | IL29: 0 | IM29: 0 | IN29: 0 | IO29: 0 | IP29: 0 | IQ29: 0 | JW29: 0 | JX29: 0 | JY29: 0 | JZ29: 0 | KA29: 0 | KB29: 0 | LH29: =Sum(LN29:MQ29)+LK29 -> 0 | LI29: =countif(LN29:MQ29,"A") -> 0 | LJ29: =countif(LN29:MRQ29,"B") -> 0 | LK29: =countif(LN29:MQ29,"C") -> 0 | LL29: =countif(LN29:MQ29,"D") -> 0 | LM29: =countif(LN29:MQ29,"E") -> 0 | QX29: 45776
I30: =E30-Y30 -> -30 | J30: 45791 | K30: Kết thúc | L30: 45859 | M30: 18h00 | N30: 246 | O30: 30 | U30: arita | W30: Trần Văn Giang - kaiwa 4 ( 23/04/2025 ) - 001 | X30: 30 | Y30: =SUMIF($AC$2:QX$2,"Số buổi đã học",$AC30:QX30)+X30 -> 30 | Z30: =SUMIF($AC$2:QX$2,"Số buổi xin nghỉ có phép A",$AC30:QX30) -> 0 | AA30: =SUMIF($AC$2:QX$2,"Số buổi nghỉ sai quy định C",$AC30:QX30) -> 0 | AB30: =SUMIF($AC$2:QX$2,"Số buổi GV xin nghỉ D",$AC30:QX30) -> 0 | AC30: 0 | AD30: 0 | AE30: 0 | AF30: 0 | AG30: 0 | AH30: 0 | BN30: 0 | BO30: 0 | BP30: 0 | BQ30: 0 | BR30: 0 | BS30: 0 | CV30: 0 | CW30: 0 | CX30: 0 | CY30: 0 | CZ30: 0 | DA30: 0 | EG30: 0 | EH30: 0 | EI30: 0 | EJ30: 0 | EK30: 0 | EL30: 0 | FQ30: 0 | FR30: 0 | FS30: 0 | FT30: 0 | FU30: 0 | FV30: 0 | HB30: 0 | HC30: 0 | HD30: 0 | HE30: 0 | HF30: 0 | HG30: 0 | IL30: 0 | IM30: 0 | IN30: 0 | IO30: 0 | IP30: 0 | IQ30: 0 | JW30: 0 | JX30: 0 | JY30: 0 | JZ30: 0 | KA30: 0 | KB30: 0 | LH30: =Sum(LN30:MQ30)+LK30 -> 0 | LI30: =countif(LN30:MQ30,"A") -> 0 | LJ30: =countif(LN30:MRQ30,"B") -> 0 | LK30: =countif(LN30:MQ30,"C") -> 0 | LL30: =countif(LN30:MQ30,"D") -> 0 | LM30: =countif(LN30:MQ30,"E") -> 0 | QX30: 45776
I31: =E31-Y31 -> -27 | J31: 45776 | K31: Kết thúc | L31: 45931 | M31: 18h00 | N31: 357 | O31: 30 | U31: hiềntt | W31: Lê Thị Giang - Kaiwa 2 (25/04/2025) - 001 | X31: 27 | Y31: =SUMIF($AC$2:QX$2,"Số buổi đã học",$AC31:QX31)+X31 -> 27 | Z31: =SUMIF($AC$2:QX$2,"Số buổi xin nghỉ có phép A",$AC31:QX31) -> 0 | AA31: =SUMIF($AC$2:QX$2,"Số buổi nghỉ sai quy định C",$AC31:QX31) -> 0 | AB31: =SUMIF($AC$2:QX$2,"Số buổi GV xin nghỉ D",$AC31:QX31) -> 0 | AC31: 0 | AD31: 0 | AE31: 0 | AF31: 0 | AG31: 0 | AH31: 0 | BN31: 0 | BO31: 0 | BP31: 0 | BQ31: 0 | BR31: 0 | BS31: 0 | CV31: 0 | CW31: 0 | CX31: 0 | CY31: 0 | CZ31: 0 | DA31: 0 | EG31: 0 | EH31: 0 | EI31: 0 | EJ31: 0 | EK31: 0 | EL31: 0 | FQ31: 0 | FR31: 0 | FS31: 0 | FT31: 0 | FU31: 0 | FV31: 0 | HB31: 0 | HC31: 0 | HD31: 0 | HE31: 0 | HF31: 0 | HG31: 0 | IL31: 0 | IM31: 0 | IN31: 0 | IO31: 0 | IP31: 0 | IQ31: 0 | JW31: 0 | JX31: 0 | JY31: 0 | JZ31: 0 | KA31: 0 | KB31: 0 | LH31: =Sum(LN31:MQ31)+LK31 -> 0 | LI31: =countif(LN31:MQ31,"A") -> 0 | LJ31: =countif(LN31:MRQ31,"B") -> 0 | LK31: =countif(LN31:MQ31,"C") -> 0 | LL31: =countif(LN31:MQ31,"D") -> 0 | LM31: =countif(LN31:MQ31,"E") -> 0 | QX31: 45779
I32: =E32-Y32 -> -30 | J32: 45785 | K32: Kết thúc | L32: 45918 | M32: 14h30 20h00 | N32: 356 | O32: 30 | U32: trangnth/sinhnt | W32: Nguyễn Đình Tuấn - kaiwa 1 ( 26/04/2025 ) - 001 | X32: 30 | Y32: =SUMIF($AC$2:QX$2,"Số buổi đã học",$AC32:QX32)+X32 -> 30 | Z32: =SUMIF($AC$2:QX$2,"Số buổi xin nghỉ có phép A",$AC32:QX32) -> 0 | AA32: =SUMIF($AC$2:QX$2,"Số buổi nghỉ sai quy định C",$AC32:QX32) -> 0 | AB32: =SUMIF($AC$2:QX$2,"Số buổi GV xin nghỉ D",$AC32:QX32) -> 0 | AC32: 0 | AD32: 0 | AE32: 0 | AF32: 0 | AG32: 0 | AH32: 0 | BN32: 0 | BO32: 0 | BP32: 0 | BQ32: 0 | BR32: 0 | BS32: 0 | CV32: 0 | CW32: 0 | CX32: 0 | CY32: 0 | CZ32: 0 | DA32: 0 | EG32: 0 | EH32: 0 | EI32: 0 | EJ32: 0 | EK32: 0 | EL32: 0 | FQ32: 0 | FR32: 0 | FS32: 0 | FT32: 0 | FU32: 0 | FV32: 0 | HB32: 0 | HC32: 0 | HD32: 0 | HE32: 0 | HF32: 0 | HG32: 0 | IL32: 0 | IM32: 0 | IN32: 0 | IO32: 0 | IP32: 0 | IQ32: 0 | JW32: 0 | JX32: 0 | JY32: 0 | JZ32: 0 | KA32: 0 | KB32: 0 | LH32: =Sum(LN32:MQ32)+LK32 -> 0 | LI32: =countif(LN32:MQ32,"A") -> 0 | LJ32: =countif(LN32:MRQ32,"B") -> 0 | LK32: =countif(LN32:MQ32,"C") -> 0 | LL32: =countif(LN32:MQ32,"D") -> 0 | LM32: =countif(LN32:MQ32,"E") -> 0 | QX32: 45784
I33: =E33-Y33 -> 0 | K33: Kết thúc | M33: 19h00 | N33: 246 | O33: 45 | X33: 0 | Y33: =SUMIF($AC$2:QX$2,"Số buổi đã học",$AC33:QX33)+X33 -> 0 | Z33: =SUMIF($AC$2:QX$2,"Số buổi xin nghỉ có phép A",$AC33:QX33) -> 0 | AA33: =SUMIF($AC$2:QX$2,"Số buổi nghỉ sai quy định C",$AC33:QX33) -> 0 | AB33: =SUMIF($AC$2:QX$2,"Số buổi GV xin nghỉ D",$AC33:QX33) -> 0 | AC33: 0 | AD33: 0 | AE33: 0 | AF33: 0 | AG33: 0 | AH33: 0 | BN33: 0 | BO33: 0 | BP33: 0 | BQ33: 0 | BR33: 0 | BS33: 0 | CV33: 0 | CW33: 0 | CX33: 0 | CY33: 0 | CZ33: 0 | DA33: 0 | EG33: 0 | EH33: 0 | EI33: 0 | EJ33: 0 | EK33: 0 | EL33: 0 | FQ33: 0 | FR33: 0 | FS33: 0 | FT33: 0 | FU33: 0 | FV33: 0 | HB33: 0 | HC33: 0 | HD33: 0 | HE33: 0 | HF33: 0 | HG33: 0 | IL33: 0 | IM33: 0 | IN33: 0 | IO33: 0 | IP33: 0 | IQ33: 0 | JW33: 0 | JX33: 0 | JY33: 0 | JZ33: 0 | KA33: 0 | KB33: 0 | LH33: =Sum(LN33:MQ33)+LK33 -> 0 | LI33: =countif(LN33:MQ33,"A") -> 0 | LJ33: =countif(LN33:MRQ33,"B") -> 0 | LK33: =countif(LN33:MQ33,"C") -> 0 | LL33: =countif(LN33:MQ33,"D") -> 0 | LM33: =countif(LN33:MQ33,"E") -> 0 | QX33: 45786
I34: =E34-Y34 -> -29 | J34: 45785 | K34: Kết thúc | L34: 45977 | M34: 21h15 21h00 18h30 | N34: 7CN | O34: 30 | U34: joji/izumi | V34: GV381 | W34: Huỳnh Văn Quyến - kaiwa 3 ( 26/04/2025 ) - 001 | X34: 29 | Y34: =SUMIF($AC$2:QX$2,"Số buổi đã học",$AC34:QX34)+X34 -> 29 | Z34: =SUMIF($AC$2:QX$2,"Số buổi xin nghỉ có phép A",$AC34:QX34) -> 0 | AA34: =SUMIF($AC$2:QX$2,"Số buổi nghỉ sai quy định C",$AC34:QX34) -> 0 | AB34: =SUMIF($AC$2:QX$2,"Số buổi GV xin nghỉ D",$AC34:QX34) -> 0 | AC34: 0 | AD34: 0 | AE34: 0 | AF34: 0 | AG34: 0 | AH34: 0 | BN34: 0 | BO34: 0 | BP34: 0 | BQ34: 0 | BR34: 0 | BS34: 0 | CV34: 0 | CW34: 0 | CX34: 0 | CY34: 0 | CZ34: 0 | DA34: 0 | EG34: 0 | EH34: 0 | EI34: 0 | EJ34: 0 | EK34: 0 | EL34: 0 | FQ34: 0 | FR34: 0 | FS34: 0 | FT34: 0 | FU34: 0 | FV34: 0 | HB34: 0 | HC34: 0 | HD34: 0 | HE34: 0 | HF34: 0 | HG34: 0 | IL34: 0 | IM34: 0 | IN34: 0 | IO34: 0 | IP34: 0 | IQ34: 0 | JW34: 0 | JX34: 0 | JY34: 0 | JZ34: 0 | KA34: 0 | KB34: 0 | LH34: =Sum(LN34:MQ34)+LK34 -> 0 | LI34: =countif(LN34:MQ34,"A") -> 0 | LJ34: =countif(LN34:MRQ34,"B") -> 0 | LK34: =countif(LN34:MQ34,"C") -> 0 | LL34: =countif(LN34:MQ34,"D") -> 0 | LM34: =countif(LN34:MQ34,"E") -> 0 | QX34: 45787
I35: =E35-Y35 -> -25 | J35: 45775 | K35: Kết thúc | L35: 46038 | M35: 20h00 | N35: 6CN | O35: 30 | U35: thuypt/minhdt | V35: GV329 | W35: Nguyễn Văn Hồng - kaiwa 1 ( 28/04/2025 ) - 001 | X35: 25 | Y35: =SUMIF($AC$2:QX$2,"Số buổi đã học",$AC35:QX35)+X35 -> 25 | Z35: =SUMIF($AC$2:QX$2,"Số buổi xin nghỉ có phép A",$AC35:QX35) -> 0 | AA35: =SUMIF($AC$2:QX$2,"Số buổi nghỉ sai quy định C",$AC35:QX35) -> 0 | AB35: =SUMIF($AC$2:QX$2,"Số buổi GV xin nghỉ D",$AC35:QX35) -> 0 | AC35: 0 | AD35: 0 | AE35: 0 | AF35: 0 | AG35: 0 | AH35: 0 | BN35: 0 | BO35: 0 | BP35: 0 | BQ35: 0 | BR35: 0 | BS35: 0 | CV35: 0 | CW35: 0 | CX35: 0 | CY35: 0 | CZ35: 0 | DA35: 0 | EG35: 0 | EH35: 0 | EI35: 0 | EJ35: 0 | EK35: 0 | EL35: 0 | FQ35: 0 | FR35: 0 | FS35: 0 | FT35: 0 | FU35: 0 | FV35: 0 | HB35: 0 | HC35: 0 | HD35: 0 | HE35: 0 | HF35: 0 | HG35: 0 | IL35: 0 | IM35: 0 | IN35: 0 | IO35: 0 | IP35: 0 | IQ35: 0 | JW35: 0 | JX35: 0 | JY35: 0 | JZ35: 0 | KA35: 0 | KB35: 0 | LH35: =Sum(LN35:MQ35)+LK35 -> 0 | LI35: =countif(LN35:MQ35,"A") -> 0 | LJ35: =countif(LN35:MRQ35,"B") -> 0 | LK35: =countif(LN35:MQ35,"C") -> 0 | LL35: =countif(LN35:MQ35,"D") -> 0 | LM35: =countif(LN35:MQ35,"E") -> 0 | QX35: 45789
I36: =E36-Y36 -> -17 | J36: 45790 | K36: Kết thúc | L36: 45904 | M36: 17h00 | N36: LKCD | O36: 30 | U36: quynhpt | V36: GV378 | W36: Leo Trúc Mai - kaiwa 2 kaigo ( 30/04/2025 ) - 001 | X36: 12 | Y36: =SUMIF($AC$2:QX$2,"Số buổi đã học",$AC36:QX36)+X36 -> 17 | Z36: =SUMIF($AC$2:QX$2,"Số buổi xin nghỉ có phép A",$AC36:QX36) -> 0 | AA36: =SUMIF($AC$2:QX$2,"Số buổi nghỉ sai quy định C",$AC36:QX36) -> 1 | AB36: =SUMIF($AC$2:QX$2,"Số buổi GV xin nghỉ D",$AC36:QX36) -> 0 | AC36: 0 | AD36: 0 | AE36: 0 | AF36: 0 | AG36: 0 | AH36: 0 | BN36: 0 | BO36: 0 | BP36: 0 | BQ36: 0 | BR36: 0 | BS36: 0 | CV36: 0 | CW36: 0 | CX36: 0 | CY36: 0 | CZ36: 0 | DA36: 0 | EG36: 0 | EH36: 0 | EI36: 0 | EJ36: 0 | EK36: 0 | EL36: 0 | FQ36: 0 | FR36: 0 | FS36: 0 | FT36: 0 | FU36: 0 | FV36: 0 | HB36: 3 | HC36: 0 | HD36: 0 | HE36: 0 | HF36: 0 | HG36: 0 | HX36: 1 | IC36: 1 | IE36: 1 | IL36: 2 | IM36: 0 | IN36: 0 | IO36: 1 | IP36: 0 | IQ36: 0 | IR36: 1 | IZ36: C | JW36: 0 | JX36: 0 | JY36: 0 | JZ36: 0 | KA36: 0 | KB36: 0 | LH36: =Sum(LN36:MQ36)+LK36 -> 0 | LI36: =countif(LN36:MQ36,"A") -> 0 | LJ36: =countif(LN36:MRQ36,"B") -> 0 | LK36: =countif(LN36:MQ36,"C") -> 0 | LL36: =countif(LN36:MQ36,"D") -> 0 | LM36: =countif(LN36:MQ36,"E") -> 0 | QX36: 45789
I37: =E37-Y37 -> -30 | J37: 45785 | K37: Kết thúc | L37: 45948 | M37: 19h00 | N37: 357 | O37: 30 | U37: ueno | W37: Lý Thị Châm - kaiwa 4 ( 01/05/2025 ) - 001 | X37: 30 | Y37: =SUMIF($AC$2:QX$2,"Số buổi đã học",$AC37:QX37)+X37 -> 30 | Z37: =SUMIF($AC$2:QX$2,"Số buổi xin nghỉ có phép A",$AC37:QX37) -> 0 | AA37: =SUMIF($AC$2:QX$2,"Số buổi nghỉ sai quy định C",$AC37:QX37) -> 0 | AB37: =SUMIF($AC$2:QX$2,"Số buổi GV xin nghỉ D",$AC37:QX37) -> 0 | AC37: 0 | AD37: 0 | AE37: 0 | AF37: 0 | AG37: 0 | AH37: 0 | BN37: 0 | BO37: 0 | BP37: 0 | BQ37: 0 | BR37: 0 | BS37: 0 | CV37: 0 | CW37: 0 | CX37: 0 | CY37: 0 | CZ37: 0 | DA37: 0 | EG37: 0 | EH37: 0 | EI37: 0 | EJ37: 0 | EK37: 0 | EL37: 0 | FQ37: 0 | FR37: 0 | FS37: 0 | FT37: 0 | FU37: 0 | FV37: 0 | HB37: 0 | HC37: 0 | HD37: 0 | HE37: 0 | HF37: 0 | HG37: 0 | IL37: 0 | IM37: 0 | IN37: 0 | IO37: 0 | IP37: 0 | IQ37: 0 | JW37: 0 | JX37: 0 | JY37: 0 | JZ37: 0 | KA37: 0 | KB37: 0 | LH37: =Sum(LN37:MQ37)+LK37 -> 0 | LI37: =countif(LN37:MQ37,"A") -> 0 | LJ37: =countif(LN37:MRQ37,"B") -> 0 | LK37: =countif(LN37:MQ37,"C") -> 0 | LL37: =countif(LN37:MQ37,"D") -> 0 | LM37: =countif(LN37:MQ37,"E") -> 0 | QX37: 45791
I38: =E38-Y38 -> -9 | J38: 45780 | K38: Kết thúc | L38: 46057 | M38: 14h00 | N38: LKCD | O38: 30 | U38: sinhnt | V38: GV377 | W38: Nguyễn Trần Thị Mỹ Duyên - kaiwa 2 ( 03/05/2025 ) - 001 | X38: 9 | Y38: =SUMIF($AC$2:QX$2,"Số buổi đã học",$AC38:QX38)+X38 -> 9 | Z38: =SUMIF($AC$2:QX$2,"Số buổi xin nghỉ có phép A",$AC38:QX38) -> 0 | AA38: =SUMIF($AC$2:QX$2,"Số buổi nghỉ sai quy định C",$AC38:QX38) -> 0 | AB38: =SUMIF($AC$2:QX$2,"Số buổi GV xin nghỉ D",$AC38:QX38) -> 0 | AC38: 0 | AD38: 0 | AE38: 0 | AF38: 0 | AG38: 0 | AH38: 0 | BN38: 0 | BO38: 0 | BP38: 0 | BQ38: 0 | BR38: 0 | BS38: 0 | CV38: 0 | CW38: 0 | CX38: 0 | CY38: 0 | CZ38: 0 | DA38: 0 | EG38: 0 | EH38: 0 | EI38: 0 | EJ38: 0 | EK38: 0 | EL38: 0 | FQ38: 0 | FR38: 0 | FS38: 0 | FT38: 0 | FU38: 0 | FV38: 0 | HB38: 0 | HC38: 0 | HD38: 0 | HE38: 0 | HF38: 0 | HG38: 0 | IL38: 0 | IM38: 0 | IN38: 0 | IO38: 0 | IP38: 0 | IQ38: 0 | JW38: 0 | JX38: 0 | JY38: 0 | JZ38: 0 | KA38: 0 | KB38: 0 | LH38: =Sum(LN38:MQ38)+LK38 -> 0 | LI38: =countif(LN38:MQ38,"A") -> 0 | LJ38: =countif(LN38:MRQ38,"B") -> 0 | LK38: =countif(LN38:MQ38,"C") -> 0 | LL38: =countif(LN38:MQ38,"D") -> 0 | LM38: =countif(LN38:MQ38,"E") -> 0 | QX38: 45793
I39: =E39-Y39 -> -30 | J39: 45786 | K39: Kết thúc | L39: 45870 | M39: 19h30 | N39: 246 | O39: 30 | U39: nunt | W39: Phùng Thị Phượng - kaiwa 3 ( 07/05/2025 ) - 001 | X39: 30 | Y39: =SUMIF($AC$2:QX$2,"Số buổi đã học",$AC39:QX39)+X39 -> 30 | Z39: =SUMIF($AC$2:QX$2,"Số buổi xin nghỉ có phép A",$AC39:QX39) -> 0 | AA39: =SUMIF($AC$2:QX$2,"Số buổi nghỉ sai quy định C",$AC39:QX39) -> 0 | AB39: =SUMIF($AC$2:QX$2,"Số buổi GV xin nghỉ D",$AC39:QX39) -> 0 | AC39: 0 | AD39: 0 | AE39: 0 | AF39: 0 | AG39: 0 | AH39: 0 | BN39: 0 | BO39: 0 | BP39: 0 | BQ39: 0 | BR39: 0 | BS39: 0 | CV39: 0 | CW39: 0 | CX39: 0 | CY39: 0 | CZ39: 0 | DA39: 0 | EG39: 0 | EH39: 0 | EI39: 0 | EJ39: 0 | EK39: 0 | EL39: 0 | FQ39: 0 | FR39: 0 | FS39: 0 | FT39: 0 | FU39: 0 | FV39: 0 | HB39: 0 | HC39: 0 | HD39: 0 | HE39: 0 | HF39: 0 | HG39: 0 | IL39: 0 | IM39: 0 | IN39: 0 | IO39: 0 | IP39: 0 | IQ39: 0 | JW39: 0 | JX39: 0 | JY39: 0 | JZ39: 0 | KA39: 0 | KB39: 0 | LH39: =Sum(LN39:MQ39)+LK39 -> 0 | LI39: =countif(LN39:MQ39,"A") -> 0 | LJ39: =countif(LN39:MRQ39,"B") -> 0 | LK39: =countif(LN39:MQ39,"C") -> 0 | LL39: =countif(LN39:MQ39,"D") -> 0 | LM39: =countif(LN39:MQ39,"E") -> 0 | QX39: 45794
I40: =E40-Y40 -> -2 | J40: 45787 | K40: Kết thúc | L40: 45799 | M40: 19h30 | N40: 357 | O40: 30 | U40: lanntt | V40: GV327 | W40: Phạm Thị Tân - kaiwa 1 ( 07/05/2025 ) - 001 | X40: 2 | Y40: =SUMIF($AC$2:QX$2,"Số buổi đã học",$AC40:QX40)+X40 -> 2 | Z40: =SUMIF($AC$2:QX$2,"Số buổi xin nghỉ có phép A",$AC40:QX40) -> 0 | AA40: =SUMIF($AC$2:QX$2,"Số buổi nghỉ sai quy định C",$AC40:QX40) -> 0 | AB40: =SUMIF($AC$2:QX$2,"Số buổi GV xin nghỉ D",$AC40:QX40) -> 0 | AC40: 0 | AD40: 0 | AE40: 0 | AF40: 0 | AG40: 0 | AH40: 0 | BN40: 0 | BO40: 0 | BP40: 0 | BQ40: 0 | BR40: 0 | BS40: 0 | CV40: 0 | CW40: 0 | CX40: 0 | CY40: 0 | CZ40: 0 | DA40: 0 | EG40: 0 | EH40: 0 | EI40: 0 | EJ40: 0 | EK40: 0 | EL40: 0 | FQ40: 0 | FR40: 0 | FS40: 0 | FT40: 0 | FU40: 0 | FV40: 0 | HB40: 0 | HC40: 0 | HD40: 0 | HE40: 0 | HF40: 0 | HG40: 0 | IL40: 0 | IM40: 0 | IN40: 0 | IO40: 0 | IP40: 0 | IQ40: 0 | JW40: 0 | JX40: 0 | JY40: 0 | JZ40: 0 | KA40: 0 | KB40: 0 | LH40: =Sum(LN40:MQ40)+LK40 -> 0 | LI40: =countif(LN40:MQ40,"A") -> 0 | LJ40: =countif(LN40:MRQ40,"B") -> 0 | LK40: =countif(LN40:MQ40,"C") -> 0 | LL40: =countif(LN40:MQ40,"D") -> 0 | LM40: =countif(LN40:MQ40,"E") -> 0 | QX40: 45794
I41: =E41-Y41 -> -30 | J41: 45790 | K41: Kết thúc | L41: 45901 | M41: 19h00 | N41: 357 | O41: 30 | U41: kojima | W41: Nguyễn Khắc Huy - Kaiwa 4 ( 08/05/2025) - 001 | X41: 30 | Y41: =SUMIF($AC$2:QX$2,"Số buổi đã học",$AC41:QX41)+X41 -> 30 | Z41: =SUMIF($AC$2:QX$2,"Số buổi xin nghỉ có phép A",$AC41:QX41) -> 0 | AA41: =SUMIF($AC$2:QX$2,"Số buổi nghỉ sai quy định C",$AC41:QX41) -> 0 | AB41: =SUMIF($AC$2:QX$2,"Số buổi GV xin nghỉ D",$AC41:QX41) -> 0 | AC41: 0 | AD41: 0 | AE41: 0 | AF41: 0 | AG41: 0 | AH41: 0 | BN41: 0 | BO41: 0 | BP41: 0 | BQ41: 0 | BR41: 0 | BS41: 0 | CV41: 0 | CW41: 0 | CX41: 0 | CY41: 0 | CZ41: 0 | DA41: 0 | EG41: 0 | EH41: 0 | EI41: 0 | EJ41: 0 | EK41: 0 | EL41: 0 | FQ41: 0 | FR41: 0 | FS41: 0 | FT41: 0 | FU41: 0 | FV41: 0 | HB41: 0 | HC41: 0 | HD41: 0 | HE41: 0 | HF41: 0 | HG41: 0 | IL41: 0 | IM41: 0 | IN41: 0 | IO41: 0 | IP41: 0 | IQ41: 0 | JW41: 0 | JX41: 0 | JY41: 0 | JZ41: 0 | KA41: 0 | KB41: 0 | LH41: =Sum(LN41:MQ41)+LK41 -> 0 | LI41: =countif(LN41:MQ41,"A") -> 0 | LJ41: =countif(LN41:MRQ41,"B") -> 0 | LK41: =countif(LN41:MQ41,"C") -> 0 | LL41: =countif(LN41:MQ41,"D") -> 0 | LM41: =countif(LN41:MQ41,"E") -> 0 | QX41: 45794
I42: =E42-Y42 -> -18 | J42: 45791 | K42: Kết thúc | L42: 45917 | M42: 18h30 | N42: 24 | O42: 30 | U42: ueno | V42: GV363 | W42: Bùi Thị Trúc - kaiwa 4 ( 12/05/2025 ) - 001 | X42: 18 | Y42: =SUMIF($AC$2:QX$2,"Số buổi đã học",$AC42:QX42)+X42 -> 18 | Z42: =SUMIF($AC$2:QX$2,"Số buổi xin nghỉ có phép A",$AC42:QX42) -> 0 | AA42: =SUMIF($AC$2:QX$2,"Số buổi nghỉ sai quy định C",$AC42:QX42) -> 0 | AB42: =SUMIF($AC$2:QX$2,"Số buổi GV xin nghỉ D",$AC42:QX42) -> 0 | AC42: 0 | AD42: 0 | AE42: 0 | AF42: 0 | AG42: 0 | AH42: 0 | BN42: 0 | BO42: 0 | BP42: 0 | BQ42: 0 | BR42: 0 | BS42: 0 | CV42: 0 | CW42: 0 | CX42: 0 | CY42: 0 | CZ42: 0 | DA42: 0 | EG42: 0 | EH42: 0 | EI42: 0 | EJ42: 0 | EK42: 0 | EL42: 0 | FQ42: 0 | FR42: 0 | FS42: 0 | FT42: 0 | FU42: 0 | FV42: 0 | HB42: 0 | HC42: 0 | HD42: 0 | HE42: 0 | HF42: 0 | HG42: 0 | IL42: 0 | IM42: 0 | IN42: 0 | IO42: 0 | IP42: 0 | IQ42: 0 | JW42: 0 | JX42: 0 | JY42: 0 | JZ42: 0 | KA42: 0 | KB42: 0 | LH42: =Sum(LN42:MQ42)+LK42 -> 0 | LI42: =countif(LN42:MQ42,"A") -> 0 | LJ42: =countif(LN42:MRQ42,"B") -> 0 | LK42: =countif(LN42:MQ42,"C") -> 0 | LL42: =countif(LN42:MQ42,"D") -> 0 | LM42: =countif(LN42:MQ42,"E") -> 0 | QX42: 45796
I43: =E43-Y43 -> -30 | J43: 45793 | K43: Kết thúc | L43: 45882 | M43: 19h30 | N43: 246 | O43: 30 | U43: kojima | W43: Phan Thị Anh Thư - kaiwa 3 kaigo ( 14/05/2025 ) - 001 | X43: 30 | Y43: =SUMIF($AC$2:QX$2,"Số buổi đã học",$AC43:QX43)+X43 -> 30 | Z43: =SUMIF($AC$2:QX$2,"Số buổi xin nghỉ có phép A",$AC43:QX43) -> 0 | AA43: =SUMIF($AC$2:QX$2,"Số buổi nghỉ sai quy định C",$AC43:QX43) -> 0 | AB43: =SUMIF($AC$2:QX$2,"Số buổi GV xin nghỉ D",$AC43:QX43) -> 0 | AC43: 0 | AD43: 0 | AE43: 0 | AF43: 0 | AG43: 0 | AH43: 0 | BN43: 0 | BO43: 0 | BP43: 0 | BQ43: 0 | BR43: 0 | BS43: 0 | CV43: 0 | CW43: 0 | CX43: 0 | CY43: 0 | CZ43: 0 | DA43: 0 | EG43: 0 | EH43: 0 | EI43: 0 | EJ43: 0 | EK43: 0 | EL43: 0 | FQ43: 0 | FR43: 0 | FS43: 0 | FT43: 0 | FU43: 0 | FV43: 0 | HB43: 0 | HC43: 0 | HD43: 0 | HE43: 0 | HF43: 0 | HG43: 0 | IL43: 0 | IM43: 0 | IN43: 0 | IO43: 0 | IP43: 0 | IQ43: 0 | JW43: 0 | JX43: 0 | JY43: 0 | JZ43: 0 | KA43: 0 | KB43: 0 | LH43: =Sum(LN43:MQ43)+LK43 -> 0 | LI43: =countif(LN43:MQ43,"A") -> 0 | LJ43: =countif(LN43:MRQ43,"B") -> 0 | LK43: =countif(LN43:MQ43,"C") -> 0 | LL43: =countif(LN43:MQ43,"D") -> 0 | LM43: =countif(LN43:MQ43,"E") -> 0 | QX43: 45796
I44: =E44-Y44 -> -30 | J44: 45793 | K44: Kết thúc | L44: 45861 | M44: 05h30 | N44: 246 | O44: 30 | U44: myht | W44: Trần Anh Luân - kaiwa 3 ( 14/05/2025 ) - 001 | X44: 30 | Y44: =SUMIF($AC$2:QX$2,"Số buổi đã học",$AC44:QX44)+X44 -> 30 | Z44: =SUMIF($AC$2:QX$2,"Số buổi xin nghỉ có phép A",$AC44:QX44) -> 0 | AA44: =SUMIF($AC$2:QX$2,"Số buổi nghỉ sai quy định C",$AC44:QX44) -> 0 | AB44: =SUMIF($AC$2:QX$2,"Số buổi GV xin nghỉ D",$AC44:QX44) -> 0 | AC44: 0 | AD44: 0 | AE44: 0 | AF44: 0 | AG44: 0 | AH44: 0 | BN44: 0 | BO44: 0 | BP44: 0 | BQ44: 0 | BR44: 0 | BS44: 0 | CV44: 0 | CW44: 0 | CX44: 0 | CY44: 0 | CZ44: 0 | DA44: 0 | EG44: 0 | EH44: 0 | EI44: 0 | EJ44: 0 | EK44: 0 | EL44: 0 | FQ44: 0 | FR44: 0 | FS44: 0 | FT44: 0 | FU44: 0 | FV44: 0 | HB44: 0 | HC44: 0 | HD44: 0 | HE44: 0 | HF44: 0 | HG44: 0 | IL44: 0 | IM44: 0 | IN44: 0 | IO44: 0 | IP44: 0 | IQ44: 0 | JW44: 0 | JX44: 0 | JY44: 0 | JZ44: 0 | KA44: 0 | KB44: 0 | LH44: =Sum(LN44:MQ44)+LK44 -> 0 | LI44: =countif(LN44:MQ44,"A") -> 0 | LJ44: =countif(LN44:MRQ44,"B") -> 0 | LK44: =countif(LN44:MQ44,"C") -> 0 | LL44: =countif(LN44:MQ44,"D") -> 0 | LM44: =countif(LN44:MQ44,"E") -> 0 | QX44: 45797
I45: =E45-Y45 -> -21 | J45: 45810 | K45: Kết thúc | L45: 45904 | M45: 19h30 | N45: 246 | O45: 30 | U45: uyenltt | V45: GV322 | W45: Lê Trọng Vỹ - kaiwa 1 ( 02/06/2025 ) - 001 Lê Trọng Vỹ - prekaiwa 2 ( 13/06/2025 ) - 001 | X45: 21 | Y45: =SUMIF($AC$2:QX$2,"Số buổi đã học",$AC45:QX45)+X45 -> 21 | Z45: =SUMIF($AC$2:QX$2,"Số buổi xin nghỉ có phép A",$AC45:QX45) -> 0 | AA45: =SUMIF($AC$2:QX$2,"Số buổi nghỉ sai quy định C",$AC45:QX45) -> 0 | AB45: =SUMIF($AC$2:QX$2,"Số buổi GV xin nghỉ D",$AC45:QX45) -> 0 | AC45: 0 | AD45: 0 | AE45: 0 | AF45: 0 | AG45: 0 | AH45: 0 | BN45: 0 | BO45: 0 | BP45: 0 | BQ45: 0 | BR45: 0 | BS45: 0 | CV45: 0 | CW45: 0 | CX45: 0 | CY45: 0 | CZ45: 0 | DA45: 0 | EG45: 0 | EH45: 0 | EI45: 0 | EJ45: 0 | EK45: 0 | EL45: 0 | FQ45: 0 | FR45: 0 | FS45: 0 | FT45: 0 | FU45: 0 | FV45: 0 | HB45: 0 | HC45: 0 | HD45: 0 | HE45: 0 | HF45: 0 | HG45: 0 | IL45: 0 | IM45: 0 | IN45: 0 | IO45: 0 | IP45: 0 | IQ45: 0 | JW45: 0 | JX45: 0 | JY45: 0 | JZ45: 0 | KA45: 0 | KB45: 0 | LH45: =Sum(LN45:MQ45)+LK45 -> 0 | LI45: =countif(LN45:MQ45,"A") -> 0 | LJ45: =countif(LN45:MRQ45,"B") -> 0 | LK45: =countif(LN45:MQ45,"C") -> 0 | LL45: =countif(LN45:MQ45,"D") -> 0 | LM45: =countif(LN45:MQ45,"E") -> 0 | QX45: 45797
I46: =E46-Y46 -> -64 | J46: 45794 | K46: Đang học | M46: 18h30 | N46: 7CN | O46: 30 | U46: giangnth/sinhnt | V46: GV386 | W46: Trần Long - prekaiwa 2 ( 17/05/2025 ) - 001 Trần Long - kaiwa 1 ( 12/07/2025 ) - 001 Trần Long - kaiwa 2 ( 03/02/2026) - 001 | X46: 43 | Y46: =SUMIF($AC$2:QX$2,"Số buổi đã học",$AC46:QX46)+X46 -> 64 | Z46: =SUMIF($AC$2:QX$2,"Số buổi xin nghỉ có phép A",$AC46:QX46) -> 0 | AA46: =SUMIF($AC$2:QX$2,"Số buổi nghỉ sai quy định C",$AC46:QX46) -> 0 | AB46: =SUMIF($AC$2:QX$2,"Số buổi GV xin nghỉ D",$AC46:QX46) -> 0 | AC46: 8 | AD46: 0 | AE46: 0 | AF46: 0 | AG46: 0 | AH46: 0 | AR46: 1 | AS46: 1 | AY46: 1 | AZ46: 1 | BF46: 1 | BG46: 1 | BL46: 1 | BM46: 1 | BN46: 1 | BO46: 0 | BP46: 0 | BQ46: 0 | BR46: 0 | BS46: 0 | BZ46: 1 | CV46: 3 | CW46: 0 | CX46: 0 | CY46: 0 | CZ46: 0 | DA46: 0 | DH46: 1 | DV46: 1 | DW46: 1 | EG46: 2 | EH46: 0 | EI46: 0 | EJ46: 0 | EK46: 0 | EL46: 0 | EP46: 1 | FJ46: 1 | FQ46: 2 | FR46: 0 | FS46: 0 | FT46: 0 | FU46: 0 | FV46: 0 | GF46: 1 | GS46: 1 | HB46: 2 | HC46: 0 | HD46: 0 | HE46: 0 | HF46: 0 | HG46: 0 | HM46: 1 | IH46: 1 | IL46: 0 | IM46: 0 | IN46: 0 | IO46: 0 | IP46: 0 | IQ46: 0 | JW46: 3 | JX46: 0 | JY46: 0 | JZ46: 0 | KA46: 0 | KB46: 0 | KC46: 1 | KD46: 1 | KY46: 1 | LH46: =Sum(LN46:MQ46)+LK46 -> 0 | LI46: =countif(LN46:MQ46,"A") -> 0 | LJ46: =countif(LN46:MRQ46,"B") -> 0 | LK46: =countif(LN46:MQ46,"C") -> 0 | LL46: =countif(LN46:MQ46,"D") -> 0 | LM46: =countif(LN46:MQ46,"E") -> 0 | QX46: 45799
I47: =E47-Y47 -> -10 | J47: 45796 | K47: Kết thúc | L47: 45840 | M47: 15h00 | N47: 24 | O47: 30 | U47: trangnth | W47: Lê Nguyễn Linh - prekaiwa 2 ( 14/05/2025 ) - 001 | X47: 10 | Y47: =SUMIF($AC$2:QX$2,"Số buổi đã học",$AC47:QX47)+X47 -> 10 | Z47: =SUMIF($AC$2:QX$2,"Số buổi xin nghỉ có phép A",$AC47:QX47) -> 0 | AA47: =SUMIF($AC$2:QX$2,"Số buổi nghỉ sai quy định C",$AC47:QX47) -> 0 | AB47: =SUMIF($AC$2:QX$2,"Số buổi GV xin nghỉ D",$AC47:QX47) -> 0 | AC47: 0 | AD47: 0 | AE47: 0 | AF47: 0 | AG47: 0 | AH47: 0 | BN47: 0 | BO47: 0 | BP47: 0 | BQ47: 0 | BR47: 0 | BS47: 0 | CV47: 0 | CW47: 0 | CX47: 0 | CY47: 0 | CZ47: 0 | DA47: 0 | EG47: 0 | EH47: 0 | EI47: 0 | EJ47: 0 | EK47: 0 | EL47: 0 | FQ47: 0 | FR47: 0 | FS47: 0 | FT47: 0 | FU47: 0 | FV47: 0 | HB47: 0 | HC47: 0 | HD47: 0 | HE47: 0 | HF47: 0 | HG47: 0 | IL47: 0 | IM47: 0 | IN47: 0 | IO47: 0 | IP47: 0 | IQ47: 0 | JW47: 0 | JX47: 0 | JY47: 0 | JZ47: 0 | KA47: 0 | KB47: 0 | LH47: =Sum(LN47:MQ47)+LK47 -> 0 | LI47: =countif(LN47:MQ47,"A") -> 0 | LJ47: =countif(LN47:MRQ47,"B") -> 0 | LK47: =countif(LN47:MQ47,"C") -> 0 | LL47: =countif(LN47:MQ47,"D") -> 0 | LM47: =countif(LN47:MQ47,"E") -> 0 | QX47: 45800
I48: =E48-Y48 -> -13 | J48: 45800 | K48: Kết thúc | M48: 16h30 | N48: 246 | O48: 30 | U48: trangpt | W48: Hoàng Thị Nga - Prekaiwa 2 (23/05/2025) - 001 | X48: 13 | Y48: =SUMIF($AC$2:QX$2,"Số buổi đã học",$AC48:QX48)+X48 -> 13 | Z48: =SUMIF($AC$2:QX$2,"Số buổi xin nghỉ có phép A",$AC48:QX48) -> 0 | AA48: =SUMIF($AC$2:QX$2,"Số buổi nghỉ sai quy định C",$AC48:QX48) -> 0 | AB48: =SUMIF($AC$2:QX$2,"Số buổi GV xin nghỉ D",$AC48:QX48) -> 0 | AC48: 0 | AD48: 0 | AE48: 0 | AF48: 0 | AG48: 0 | AH48: 0 | BN48: 0 | BO48: 0 | BP48: 0 | BQ48: 0 | BR48: 0 | BS48: 0 | CV48: 0 | CW48: 0 | CX48: 0 | CY48: 0 | CZ48: 0 | DA48: 0 | EG48: 0 | EH48: 0 | EI48: 0 | EJ48: 0 | EK48: 0 | EL48: 0 | FQ48: 0 | FR48: 0 | FS48: 0 | FT48: 0 | FU48: 0 | FV48: 0 | HB48: 0 | HC48: 0 | HD48: 0 | HE48: 0 | HF48: 0 | HG48: 0 | IL48: 0 | IM48: 0 | IN48: 0 | IO48: 0 | IP48: 0 | IQ48: 0 | JW48: 0 | JX48: 0 | JY48: 0 | JZ48: 0 | KA48: 0 | KB48: 0 | LH48: =Sum(LN48:MQ48)+LK48 -> 0 | LI48: =countif(LN48:MQ48,"A") -> 0 | LJ48: =countif(LN48:MRQ48,"B") -> 0 | LK48: =countif(LN48:MQ48,"C") -> 0 | LL48: =countif(LN48:MQ48,"D") -> 0 | LM48: =countif(LN48:MQ48,"E") -> 0 | QX48: 45801
I49: =E49-Y49 -> -30 | J49: 45798 | K49: Kết thúc | L49: 45884 | M49: 19h00 | N49: 246 | O49: 30 | U49: minhdt | W49: Lê Văn Minh - Kaiwa 1 (23/05/2025) - 001 | X49: 30 | Y49: =SUMIF($AC$2:QX$2,"Số buổi đã học",$AC49:QX49)+X49 -> 30 | Z49: =SUMIF($AC$2:QX$2,"Số buổi xin nghỉ có phép A",$AC49:QX49) -> 0 | AA49: =SUMIF($AC$2:QX$2,"Số buổi nghỉ sai quy định C",$AC49:QX49) -> 0 | AB49: =SUMIF($AC$2:QX$2,"Số buổi GV xin nghỉ D",$AC49:QX49) -> 0 | AC49: 0 | AD49: 0 | AE49: 0 | AF49: 0 | AG49: 0 | AH49: 0 | BN49: 0 | BO49: 0 | BP49: 0 | BQ49: 0 | BR49: 0 | BS49: 0 | CV49: 0 | CW49: 0 | CX49: 0 | CY49: 0 | CZ49: 0 | DA49: 0 | EG49: 0 | EH49: 0 | EI49: 0 | EJ49: 0 | EK49: 0 | EL49: 0 | FQ49: 0 | FR49: 0 | FS49: 0 | FT49: 0 | FU49: 0 | FV49: 0 | HB49: 0 | HC49: 0 | HD49: 0 | HE49: 0 | HF49: 0 | HG49: 0 | IL49: 0 | IM49: 0 | IN49: 0 | IO49: 0 | IP49: 0 | IQ49: 0 | JW49: 0 | JX49: 0 | JY49: 0 | JZ49: 0 | KA49: 0 | KB49: 0 | LH49: =Sum(LN49:MQ49)+LK49 -> 0 | LI49: =countif(LN49:MQ49,"A") -> 0 | LJ49: =countif(LN49:MRQ49,"B") -> 0 | LK49: =countif(LN49:MQ49,"C") -> 0 | LL49: =countif(LN49:MQ49,"D") -> 0 | LM49: =countif(LN49:MQ49,"E") -> 0 | QX49: 45801
I50: =E50-Y50 -> -30 | J50: 45801 | K50: Kết thúc | L50: 45889 | M50: 17h00 | N50: 246 | O50: 30 | U50: minhdt | W50: Nguyễn Thị Thu Hương - Kaiwa 1 (23/05/2025) - 001 | X50: 30 | Y50: =SUMIF($AC$2:QX$2,"Số buổi đã học",$AC50:QX50)+X50 -> 30 | Z50: =SUMIF($AC$2:QX$2,"Số buổi xin nghỉ có phép A",$AC50:QX50) -> 0 | AA50: =SUMIF($AC$2:QX$2,"Số buổi nghỉ sai quy định C",$AC50:QX50) -> 0 | AB50: =SUMIF($AC$2:QX$2,"Số buổi GV xin nghỉ D",$AC50:QX50) -> 0 | AC50: 0 | AD50: 0 | AE50: 0 | AF50: 0 | AG50: 0 | AH50: 0 | BN50: 0 | BO50: 0 | BP50: 0 | BQ50: 0 | BR50: 0 | BS50: 0 | CV50: 0 | CW50: 0 | CX50: 0 | CY50: 0 | CZ50: 0 | DA50: 0 | EG50: 0 | EH50: 0 | EI50: 0 | EJ50: 0 | EK50: 0 | EL50: 0 | FQ50: 0 | FR50: 0 | FS50: 0 | FT50: 0 | FU50: 0 | FV50: 0 | HB50: 0 | HC50: 0 | HD50: 0 | HE50: 0 | HF50: 0 | HG50: 0 | IL50: 0 | IM50: 0 | IN50: 0 | IO50: 0 | IP50: 0 | IQ50: 0 | JW50: 0 | JX50: 0 | JY50: 0 | JZ50: 0 | KA50: 0 | KB50: 0 | LH50: =Sum(LN50:MQ50)+LK50 -> 0 | LI50: =countif(LN50:MQ50,"A") -> 0 | LJ50: =countif(LN50:MRQ50,"B") -> 0 | LK50: =countif(LN50:MQ50,"C") -> 0 | LL50: =countif(LN50:MQ50,"D") -> 0 | LM50: =countif(LN50:MQ50,"E") -> 0 | QX50: 45803
I51: =E51-Y51 -> -30 | J51: 45801 | K51: Kết thúc | L51: 45884 | M51: 20h00 | N51: 357 | O51: 30 | U51: thaodtt | W51: Nguyễn Thị Thu Thảo - Kaiwa 1 (24/05/2025) - 001 | X51: 30 | Y51: =SUMIF($AC$2:QX$2,"Số buổi đã học",$AC51:QX51)+X51 -> 30 | Z51: =SUMIF($AC$2:QX$2,"Số buổi xin nghỉ có phép A",$AC51:QX51) -> 0 | AA51: =SUMIF($AC$2:QX$2,"Số buổi nghỉ sai quy định C",$AC51:QX51) -> 0 | AB51: =SUMIF($AC$2:QX$2,"Số buổi GV xin nghỉ D",$AC51:QX51) -> 0 | AC51: 0 | AD51: 0 | AE51: 0 | AF51: 0 | AG51: 0 | AH51: 0 | BN51: 0 | BO51: 0 | BP51: 0 | BQ51: 0 | BR51: 0 | BS51: 0 | CV51: 0 | CW51: 0 | CX51: 0 | CY51: 0 | CZ51: 0 | DA51: 0 | EG51: 0 | EH51: 0 | EI51: 0 | EJ51: 0 | EK51: 0 | EL51: 0 | FQ51: 0 | FR51: 0 | FS51: 0 | FT51: 0 | FU51: 0 | FV51: 0 | HB51: 0 | HC51: 0 | HD51: 0 | HE51: 0 | HF51: 0 | HG51: 0 | IL51: 0 | IM51: 0 | IN51: 0 | IO51: 0 | IP51: 0 | IQ51: 0 | JW51: 0 | JX51: 0 | JY51: 0 | JZ51: 0 | KA51: 0 | KB51: 0 | LH51: =Sum(LN51:MQ51)+LK51 -> 0 | LI51: =countif(LN51:MQ51,"A") -> 0 | LJ51: =countif(LN51:MRQ51,"B") -> 0 | LK51: =countif(LN51:MQ51,"C") -> 0 | LL51: =countif(LN51:MQ51,"D") -> 0 | LM51: =countif(LN51:MQ51,"E") -> 0 | QX51: 45803
I52: =E52-Y52 -> -30 | J52: 45799 | K52: Kết thúc | L52: 45901 | M52: 19h00 | N52: 357 | O52: 30 | U52: oanhnt | W52: Lê Thị Huệ - kaiwa 2 ( 24/05/2025 ) - 001 | X52: 30 | Y52: =SUMIF($AC$2:QX$2,"Số buổi đã học",$AC52:QX52)+X52 -> 30 | Z52: =SUMIF($AC$2:QX$2,"Số buổi xin nghỉ có phép A",$AC52:QX52) -> 0 | AA52: =SUMIF($AC$2:QX$2,"Số buổi nghỉ sai quy định C",$AC52:QX52) -> 0 | AB52: =SUMIF($AC$2:QX$2,"Số buổi GV xin nghỉ D",$AC52:QX52) -> 0 | AC52: 0 | AD52: 0 | AE52: 0 | AF52: 0 | AG52: 0 | AH52: 0 | BN52: 0 | BO52: 0 | BP52: 0 | BQ52: 0 | BR52: 0 | BS52: 0 | CV52: 0 | CW52: 0 | CX52: 0 | CY52: 0 | CZ52: 0 | DA52: 0 | EG52: 0 | EH52: 0 | EI52: 0 | EJ52: 0 | EK52: 0 | EL52: 0 | FQ52: 0 | FR52: 0 | FS52: 0 | FT52: 0 | FU52: 0 | FV52: 0 | HB52: 0 | HC52: 0 | HD52: 0 | HE52: 0 | HF52: 0 | HG52: 0 | IL52: 0 | IM52: 0 | IN52: 0 | IO52: 0 | IP52: 0 | IQ52: 0 | JW52: 0 | JX52: 0 | JY52: 0 | JZ52: 0 | KA52: 0 | KB52: 0 | LH52: =Sum(LN52:MQ52)+LK52 -> 0 | LI52: =countif(LN52:MQ52,"A") -> 0 | LJ52: =countif(LN52:MRQ52,"B") -> 0 | LK52: =countif(LN52:MQ52,"C") -> 0 | LL52: =countif(LN52:MQ52,"D") -> 0 | LM52: =countif(LN52:MQ52,"E") -> 0 | QX52: 45803
I53: =E53-Y53 -> -1 | J53: 45800 | K53: Kết thúc | L53: 45805 | M53: 18h00 | N53: 246 | O53: 30 | U53: diempvk | W53: Trương Văn Tùng - kaiwa 2 ( 23/05/2025 ) - 001 | X53: 1 | Y53: =SUMIF($AC$2:QX$2,"Số buổi đã học",$AC53:QX53)+X53 -> 1 | Z53: =SUMIF($AC$2:QX$2,"Số buổi xin nghỉ có phép A",$AC53:QX53) -> 0 | AA53: =SUMIF($AC$2:QX$2,"Số buổi nghỉ sai quy định C",$AC53:QX53) -> 0 | AB53: =SUMIF($AC$2:QX$2,"Số buổi GV xin nghỉ D",$AC53:QX53) -> 0 | AC53: 0 | AD53: 0 | AE53: 0 | AF53: 0 | AG53: 0 | AH53: 0 | BN53: 0 | BO53: 0 | BP53: 0 | BQ53: 0 | BR53: 0 | BS53: 0 | CV53: 0 | CW53: 0 | CX53: 0 | CY53: 0 | CZ53: 0 | DA53: 0 | EG53: 0 | EH53: 0 | EI53: 0 | EJ53: 0 | EK53: 0 | EL53: 0 | FQ53: 0 | FR53: 0 | FS53: 0 | FT53: 0 | FU53: 0 | FV53: 0 | HB53: 0 | HC53: 0 | HD53: 0 | HE53: 0 | HF53: 0 | HG53: 0 | IL53: 0 | IM53: 0 | IN53: 0 | IO53: 0 | IP53: 0 | IQ53: 0 | JW53: 0 | JX53: 0 | JY53: 0 | JZ53: 0 | KA53: 0 | KB53: 0 | LH53: =Sum(LN53:MQ53)+LK53 -> 0 | LI53: =countif(LN53:MQ53,"A") -> 0 | LJ53: =countif(LN53:MRQ53,"B") -> 0 | LK53: =countif(LN53:MQ53,"C") -> 0 | LL53: =countif(LN53:MQ53,"D") -> 0 | LM53: =countif(LN53:MQ53,"E") -> 0 | QX53: 45804
I54: =E54-Y54 -> -20 | J54: 45807 | K54: Kết thúc | L54: 46041 | M54: 18h30 | N54: 246 | O54: 30 | U54: huylt | V54: GV265 | W54: Lê Thị Hồng Hạnh - kaiwa 1 ( 26/05/2025 ) - 001 | X54: 20 | Y54: =SUMIF($AC$2:QX$2,"Số buổi đã học",$AC54:QX54)+X54 -> 20 | Z54: =SUMIF($AC$2:QX$2,"Số buổi xin nghỉ có phép A",$AC54:QX54) -> 0 | AA54: =SUMIF($AC$2:QX$2,"Số buổi nghỉ sai quy định C",$AC54:QX54) -> 0 | AB54: =SUMIF($AC$2:QX$2,"Số buổi GV xin nghỉ D",$AC54:QX54) -> 0 | AC54: 0 | AD54: 0 | AE54: 0 | AF54: 0 | AG54: 0 | AH54: 0 | BN54: 0 | BO54: 0 | BP54: 0 | BQ54: 0 | BR54: 0 | BS54: 0 | CV54: 0 | CW54: 0 | CX54: 0 | CY54: 0 | CZ54: 0 | DA54: 0 | EG54: 0 | EH54: 0 | EI54: 0 | EJ54: 0 | EK54: 0 | EL54: 0 | FQ54: 0 | FR54: 0 | FS54: 0 | FT54: 0 | FU54: 0 | FV54: 0 | HB54: 0 | HC54: 0 | HD54: 0 | HE54: 0 | HF54: 0 | HG54: 0 | IL54: 0 | IM54: 0 | IN54: 0 | IO54: 0 | IP54: 0 | IQ54: 0 | JW54: 0 | JX54: 0 | JY54: 0 | JZ54: 0 | KA54: 0 | KB54: 0 | LH54: =Sum(LN54:MQ54)+LK54 -> 0 | LI54: =countif(LN54:MQ54,"A") -> 0 | LJ54: =countif(LN54:MRQ54,"B") -> 0 | LK54: =countif(LN54:MQ54,"C") -> 0 | LL54: =countif(LN54:MQ54,"D") -> 0 | LM54: =countif(LN54:MQ54,"E") -> 0 | QX54: 45805
I55: =E55-Y55 -> -30 | J55: 45813 | K55: Kết thúc | L55: 45941 | M55: 19h30 | N55: 357 | O55: 30 | U55: minami | W55: Nguyễn Ngọc Quế Trân - kaiwa 3 ( 03/06/2025 ) - 001 | X55: 30 | Y55: =SUMIF($AC$2:QX$2,"Số buổi đã học",$AC55:QX55)+X55 -> 30 | Z55: =SUMIF($AC$2:QX$2,"Số buổi xin nghỉ có phép A",$AC55:QX55) -> 0 | AA55: =SUMIF($AC$2:QX$2,"Số buổi nghỉ sai quy định C",$AC55:QX55) -> 0 | AB55: =SUMIF($AC$2:QX$2,"Số buổi GV xin nghỉ D",$AC55:QX55) -> 0 | AC55: 0 | AD55: 0 | AE55: 0 | AF55: 0 | AG55: 0 | AH55: 0 | BN55: 0 | BO55: 0 | BP55: 0 | BQ55: 0 | BR55: 0 | BS55: 0 | CV55: 0 | CW55: 0 | CX55: 0 | CY55: 0 | CZ55: 0 | DA55: 0 | EG55: 0 | EH55: 0 | EI55: 0 | EJ55: 0 | EK55: 0 | EL55: 0 | FQ55: 0 | FR55: 0 | FS55: 0 | FT55: 0 | FU55: 0 | FV55: 0 | HB55: 0 | HC55: 0 | HD55: 0 | HE55: 0 | HF55: 0 | HG55: 0 | IL55: 0 | IM55: 0 | IN55: 0 | IO55: 0 | IP55: 0 | IQ55: 0 | JW55: 0 | JX55: 0 | JY55: 0 | JZ55: 0 | KA55: 0 | KB55: 0 | LH55: =Sum(LN55:MQ55)+LK55 -> 0 | LI55: =countif(LN55:MQ55,"A") -> 0 | LJ55: =countif(LN55:MRQ55,"B") -> 0 | LK55: =countif(LN55:MQ55,"C") -> 0 | LL55: =countif(LN55:MQ55,"D") -> 0 | LM55: =countif(LN55:MQ55,"E") -> 0 | QX55: 45805
I56: =E56-Y56 -> -29 | J56: 45807 | K56: Kết thúc | L56: 45911 | M56: 20h30 | N56: 246 | O56: 30 | U56: lamdt | W56: Lê Văn Tây - kaiwa 2 ( 28/05/2025 ) - 001 | X56: 29 | Y56: =SUMIF($AC$2:QX$2,"Số buổi đã học",$AC56:QX56)+X56 -> 29 | Z56: =SUMIF($AC$2:QX$2,"Số buổi xin nghỉ có phép A",$AC56:QX56) -> 0 | AA56: =SUMIF($AC$2:QX$2,"Số buổi nghỉ sai quy định C",$AC56:QX56) -> 0 | AB56: =SUMIF($AC$2:QX$2,"Số buổi GV xin nghỉ D",$AC56:QX56) -> 0 | AC56: 0 | AD56: 0 | AE56: 0 | AF56: 0 | AG56: 0 | AH56: 0 | BN56: 0 | BO56: 0 | BP56: 0 | BQ56: 0 | BR56: 0 | BS56: 0 | CV56: 0 | CW56: 0 | CX56: 0 | CY56: 0 | CZ56: 0 | DA56: 0 | EG56: 0 | EH56: 0 | EI56: 0 | EJ56: 0 | EK56: 0 | EL56: 0 | FQ56: 0 | FR56: 0 | FS56: 0 | FT56: 0 | FU56: 0 | FV56: 0 | HB56: 0 | HC56: 0 | HD56: 0 | HE56: 0 | HF56: 0 | HG56: 0 | IL56: 0 | IM56: 0 | IN56: 0 | IO56: 0 | IP56: 0 | IQ56: 0 | JW56: 0 | JX56: 0 | JY56: 0 | JZ56: 0 | KA56: 0 | KB56: 0 | LH56: =Sum(LN56:MQ56)+LK56 -> 0 | LI56: =countif(LN56:MQ56,"A") -> 0 | LJ56: =countif(LN56:MRQ56,"B") -> 0 | LK56: =countif(LN56:MQ56,"C") -> 0 | LL56: =countif(LN56:MQ56,"D") -> 0 | LM56: =countif(LN56:MQ56,"E") -> 0 | QX56: 45805
I57: =E57-Y57 -> -16 | J57: 45807 | K57: Kết thúc | L57: 45875 | M57: 20h00 | N57: 246 | O57: 30 | U57: binhnnt | V57: GV376 | W57: Tống Phước Lĩnh - kaiwa 1 ( 28/05/2025 ) - 001 | X57: 16 | Y57: =SUMIF($AC$2:QX$2,"Số buổi đã học",$AC57:QX57)+X57 -> 16 | Z57: =SUMIF($AC$2:QX$2,"Số buổi xin nghỉ có phép A",$AC57:QX57) -> 0 | AA57: =SUMIF($AC$2:QX$2,"Số buổi nghỉ sai quy định C",$AC57:QX57) -> 0 | AB57: =SUMIF($AC$2:QX$2,"Số buổi GV xin nghỉ D",$AC57:QX57) -> 0 | AC57: 0 | AD57: 0 | AE57: 0 | AF57: 0 | AG57: 0 | AH57: 0 | BN57: 0 | BO57: 0 | BP57: 0 | BQ57: 0 | BR57: 0 | BS57: 0 | CV57: 0 | CW57: 0 | CX57: 0 | CY57: 0 | CZ57: 0 | DA57: 0 | EG57: 0 | EH57: 0 | EI57: 0 | EJ57: 0 | EK57: 0 | EL57: 0 | FQ57: 0 | FR57: 0 | FS57: 0 | FT57: 0 | FU57: 0 | FV57: 0 | HB57: 0 | HC57: 0 | HD57: 0 | HE57: 0 | HF57: 0 | HG57: 0 | IL57: 0 | IM57: 0 | IN57: 0 | IO57: 0 | IP57: 0 | IQ57: 0 | JW57: 0 | JX57: 0 | JY57: 0 | JZ57: 0 | KA57: 0 | KB57: 0 | LH57: =Sum(LN57:MQ57)+LK57 -> 0 | LI57: =countif(LN57:MQ57,"A") -> 0 | LJ57: =countif(LN57:MRQ57,"B") -> 0 | LK57: =countif(LN57:MQ57,"C") -> 0 | LL57: =countif(LN57:MQ57,"D") -> 0 | LM57: =countif(LN57:MQ57,"E") -> 0 | QX57: 45806
I58: =E58-Y58 -> -6 | J58: 45806 | K58: Kết thúc | L58: 45979 | M58: 20h00 | N58: 357 | O58: 30 | U58: truongot/hangktt | V58: GV397 | W58: Nguyễn Hoàng - kaiwa 3 ( 29/05/2025 ) - 001 | X58: 6 | Y58: =SUMIF($AC$2:QX$2,"Số buổi đã học",$AC58:QX58)+X58 -> 6 | Z58: =SUMIF($AC$2:QX$2,"Số buổi xin nghỉ có phép A",$AC58:QX58) -> 0 | AA58: =SUMIF($AC$2:QX$2,"Số buổi nghỉ sai quy định C",$AC58:QX58) -> 0 | AB58: =SUMIF($AC$2:QX$2,"Số buổi GV xin nghỉ D",$AC58:QX58) -> 0 | AC58: 0 | AD58: 0 | AE58: 0 | AF58: 0 | AG58: 0 | AH58: 0 | BN58: 0 | BO58: 0 | BP58: 0 | BQ58: 0 | BR58: 0 | BS58: 0 | CV58: 0 | CW58: 0 | CX58: 0 | CY58: 0 | CZ58: 0 | DA58: 0 | EG58: 0 | EH58: 0 | EI58: 0 | EJ58: 0 | EK58: 0 | EL58: 0 | FQ58: 0 | FR58: 0 | FS58: 0 | FT58: 0 | FU58: 0 | FV58: 0 | HB58: 0 | HC58: 0 | HD58: 0 | HE58: 0 | HF58: 0 | HG58: 0 | IL58: 0 | IM58: 0 | IN58: 0 | IO58: 0 | IP58: 0 | IQ58: 0 | JW58: 0 | JX58: 0 | JY58: 0 | JZ58: 0 | KA58: 0 | KB58: 0 | LH58: =Sum(LN58:MQ58)+LK58 -> 0 | LI58: =countif(LN58:MQ58,"A") -> 0 | LJ58: =countif(LN58:MRQ58,"B") -> 0 | LK58: =countif(LN58:MQ58,"C") -> 0 | LL58: =countif(LN58:MQ58,"D") -> 0 | LM58: =countif(LN58:MQ58,"E") -> 0 | QX58: 45807
I59: =E59-Y59 -> -14 | J59: 45808 | K59: Kết thúc | L59: 45839 | M59: 18h00 | N59: 357 | O59: 30 | U59: anhpt | W59: Phạm Văn Nga - kaiwa 1 ( 29/05/2025 ) - 001 | X59: 14 | Y59: =SUMIF($AC$2:QX$2,"Số buổi đã học",$AC59:QX59)+X59 -> 14 | Z59: =SUMIF($AC$2:QX$2,"Số buổi xin nghỉ có phép A",$AC59:QX59) -> 0 | AA59: =SUMIF($AC$2:QX$2,"Số buổi nghỉ sai quy định C",$AC59:QX59) -> 0 | AB59: =SUMIF($AC$2:QX$2,"Số buổi GV xin nghỉ D",$AC59:QX59) -> 0 | AC59: 0 | AD59: 0 | AE59: 0 | AF59: 0 | AG59: 0 | AH59: 0 | BN59: 0 | BO59: 0 | BP59: 0 | BQ59: 0 | BR59: 0 | BS59: 0 | CV59: 0 | CW59: 0 | CX59: 0 | CY59: 0 | CZ59: 0 | DA59: 0 | EG59: 0 | EH59: 0 | EI59: 0 | EJ59: 0 | EK59: 0 | EL59: 0 | FQ59: 0 | FR59: 0 | FS59: 0 | FT59: 0 | FU59: 0 | FV59: 0 | HB59: 0 | HC59: 0 | HD59: 0 | HE59: 0 | HF59: 0 | HG59: 0 | IL59: 0 | IM59: 0 | IN59: 0 | IO59: 0 | IP59: 0 | IQ59: 0 | JW59: 0 | JX59: 0 | JY59: 0 | JZ59: 0 | KA59: 0 | KB59: 0 | LH59: =Sum(LN59:MQ59)+LK59 -> 0 | LI59: =countif(LN59:MQ59,"A") -> 0 | LJ59: =countif(LN59:MRQ59,"B") -> 0 | LK59: =countif(LN59:MQ59,"C") -> 0 | LL59: =countif(LN59:MQ59,"D") -> 0 | LM59: =countif(LN59:MQ59,"E") -> 0 | QX59: 45808
I60: =E60-Y60 -> -13 | J60: 45807 | K60: Kết thúc | L60: 45846 | M60: 18h00 | N60: 246 | O60: 30 | U60: huongtt | W60: Nguyễn Hoàng Thái - kaiwa 1 ( 30/05/2025 ) - 001 Nguyễn Hoàng Thái - prekaiwa 2 ( 04/06/2025 ) - 001 | X60: 13 | Y60: =SUMIF($AC$2:QX$2,"Số buổi đã học",$AC60:QX60)+X60 -> 13 | Z60: =SUMIF($AC$2:QX$2,"Số buổi xin nghỉ có phép A",$AC60:QX60) -> 0 | AA60: =SUMIF($AC$2:QX$2,"Số buổi nghỉ sai quy định C",$AC60:QX60) -> 0 | AB60: =SUMIF($AC$2:QX$2,"Số buổi GV xin nghỉ D",$AC60:QX60) -> 0 | AC60: 0 | AD60: 0 | AE60: 0 | AF60: 0 | AG60: 0 | AH60: 0 | BN60: 0 | BO60: 0 | BP60: 0 | BQ60: 0 | BR60: 0 | BS60: 0 | CV60: 0 | CW60: 0 | CX60: 0 | CY60: 0 | CZ60: 0 | DA60: 0 | EG60: 0 | EH60: 0 | EI60: 0 | EJ60: 0 | EK60: 0 | EL60: 0 | FQ60: 0 | FR60: 0 | FS60: 0 | FT60: 0 | FU60: 0 | FV60: 0 | HB60: 0 | HC60: 0 | HD60: 0 | HE60: 0 | HF60: 0 | HG60: 0 | IL60: 0 | IM60: 0 | IN60: 0 | IO60: 0 | IP60: 0 | IQ60: 0 | JW60: 0 | JX60: 0 | JY60: 0 | JZ60: 0 | KA60: 0 | KB60: 0 | LH60: =Sum(LN60:MQ60)+LK60 -> 0 | LI60: =countif(LN60:MQ60,"A") -> 0 | LJ60: =countif(LN60:MRQ60,"B") -> 0 | LK60: =countif(LN60:MQ60,"C") -> 0 | LL60: =countif(LN60:MQ60,"D") -> 0 | LM60: =countif(LN60:MQ60,"E") -> 0 | QX60: 45807
I61: =E61-Y61 -> -27 | J61: 45807 | K61: Kết thúc | L61: 45860 | M61: 17h30 08h00 | N61: 256 | O61: 30 | U61: joji | W61: Lê Thị Hường - kaiwa 3 ( 30/05/2025 ) - 001 | X61: 27 | Y61: =SUMIF($AC$2:QX$2,"Số buổi đã học",$AC61:QX61)+X61 -> 27 | Z61: =SUMIF($AC$2:QX$2,"Số buổi xin nghỉ có phép A",$AC61:QX61) -> 0 | AA61: =SUMIF($AC$2:QX$2,"Số buổi nghỉ sai quy định C",$AC61:QX61) -> 0 | AB61: =SUMIF($AC$2:QX$2,"Số buổi GV xin nghỉ D",$AC61:QX61) -> 0 | AC61: 0 | AD61: 0 | AE61: 0 | AF61: 0 | AG61: 0 | AH61: 0 | BN61: 0 | BO61: 0 | BP61: 0 | BQ61: 0 | BR61: 0 | BS61: 0 | CV61: 0 | CW61: 0 | CX61: 0 | CY61: 0 | CZ61: 0 | DA61: 0 | EG61: 0 | EH61: 0 | EI61: 0 | EJ61: 0 | EK61: 0 | EL61: 0 | FQ61: 0 | FR61: 0 | FS61: 0 | FT61: 0 | FU61: 0 | FV61: 0 | HB61: 0 | HC61: 0 | HD61: 0 | HE61: 0 | HF61: 0 | HG61: 0 | IL61: 0 | IM61: 0 | IN61: 0 | IO61: 0 | IP61: 0 | IQ61: 0 | JW61: 0 | JX61: 0 | JY61: 0 | JZ61: 0 | KA61: 0 | KB61: 0 | LH61: =Sum(LN61:MQ61)+LK61 -> 0 | LI61: =countif(LN61:MQ61,"A") -> 0 | LJ61: =countif(LN61:MRQ61,"B") -> 0 | LK61: =countif(LN61:MQ61,"C") -> 0 | LL61: =countif(LN61:MQ61,"D") -> 0 | LM61: =countif(LN61:MQ61,"E") -> 0 | QX61: 45808
I62: =E62-Y62 -> -3 | J62: 45811 | K62: Kết thúc | L62: 45930 | M62: 11h30 | N62: 347 | O62: 30 | U62: chiph | V62: GV289 | W62: ĐỖ THỊ XUÂN MAI - kaiwa 2 ( 31/05/2025 ) - 001 | X62: 3 | Y62: =SUMIF($AC$2:QX$2,"Số buổi đã học",$AC62:QX62)+X62 -> 3 | Z62: =SUMIF($AC$2:QX$2,"Số buổi xin nghỉ có phép A",$AC62:QX62) -> 0 | AA62: =SUMIF($AC$2:QX$2,"Số buổi nghỉ sai quy định C",$AC62:QX62) -> 0 | AB62: =SUMIF($AC$2:QX$2,"Số buổi GV xin nghỉ D",$AC62:QX62) -> 0 | AC62: 0 | AD62: 0 | AE62: 0 | AF62: 0 | AG62: 0 | AH62: 0 | BN62: 0 | BO62: 0 | BP62: 0 | BQ62: 0 | BR62: 0 | BS62: 0 | CV62: 0 | CW62: 0 | CX62: 0 | CY62: 0 | CZ62: 0 | DA62: 0 | EG62: 0 | EH62: 0 | EI62: 0 | EJ62: 0 | EK62: 0 | EL62: 0 | FQ62: 0 | FR62: 0 | FS62: 0 | FT62: 0 | FU62: 0 | FV62: 0 | HB62: 0 | HC62: 0 | HD62: 0 | HE62: 0 | HF62: 0 | HG62: 0 | IL62: 0 | IM62: 0 | IN62: 0 | IO62: 0 | IP62: 0 | IQ62: 0 | JW62: 0 | JX62: 0 | JY62: 0 | JZ62: 0 | KA62: 0 | KB62: 0 | LH62: =Sum(LN62:MQ62)+LK62 -> 0 | LI62: =countif(LN62:MQ62,"A") -> 0 | LJ62: =countif(LN62:MRQ62,"B") -> 0 | LK62: =countif(LN62:MQ62,"C") -> 0 | LL62: =countif(LN62:MQ62,"D") -> 0 | LM62: =countif(LN62:MQ62,"E") -> 0 | QX62: 45808
I63: =E63-Y63 -> -30 | J63: 45811 | K63: Kết thúc | L63: 45947 | M63: 18h00 | N63: 357 | O63: 30 | U63: vytd/hientt | W63: Võ Thị Yến Nhi - kaiwa 2 ( 02/06/2025 ) - 001 | X63: 30 | Y63: =SUMIF($AC$2:QX$2,"Số buổi đã học",$AC63:QX63)+X63 -> 30 | Z63: =SUMIF($AC$2:QX$2,"Số buổi xin nghỉ có phép A",$AC63:QX63) -> 0 | AA63: =SUMIF($AC$2:QX$2,"Số buổi nghỉ sai quy định C",$AC63:QX63) -> 0 | AB63: =SUMIF($AC$2:QX$2,"Số buổi GV xin nghỉ D",$AC63:QX63) -> 0 | AC63: 0 | AD63: 0 | AE63: 0 | AF63: 0 | AG63: 0 | AH63: 0 | BN63: 0 | BO63: 0 | BP63: 0 | BQ63: 0 | BR63: 0 | BS63: 0 | CV63: 0 | CW63: 0 | CX63: 0 | CY63: 0 | CZ63: 0 | DA63: 0 | EG63: 0 | EH63: 0 | EI63: 0 | EJ63: 0 | EK63: 0 | EL63: 0 | FQ63: 0 | FR63: 0 | FS63: 0 | FT63: 0 | FU63: 0 | FV63: 0 | HB63: 0 | HC63: 0 | HD63: 0 | HE63: 0 | HF63: 0 | HG63: 0 | IL63: 0 | IM63: 0 | IN63: 0 | IO63: 0 | IP63: 0 | IQ63: 0 | JW63: 0 | JX63: 0 | JY63: 0 | JZ63: 0 | KA63: 0 | KB63: 0 | LH63: =Sum(LN63:MQ63)+LK63 -> 0 | LI63: =countif(LN63:MQ63,"A") -> 0 | LJ63: =countif(LN63:MRQ63,"B") -> 0 | LK63: =countif(LN63:MQ63,"C") -> 0 | LL63: =countif(LN63:MQ63,"D") -> 0 | LM63: =countif(LN63:MQ63,"E") -> 0 | QX63: 45810
I64: =E64-Y64 -> -30 | J64: 45810 | K64: Kết thúc | L64: 45904 | M64: 20h00 | N64: 246 | O64: 30 | U64: hientt | W64: Đặng Thu Uyên - kaiwa 2 ( 02/06/2025 ) - 001 | X64: 30 | Y64: =SUMIF($AC$2:QX$2,"Số buổi đã học",$AC64:QX64)+X64 -> 30 | Z64: =SUMIF($AC$2:QX$2,"Số buổi xin nghỉ có phép A",$AC64:QX64) -> 0 | AA64: =SUMIF($AC$2:QX$2,"Số buổi nghỉ sai quy định C",$AC64:QX64) -> 0 | AB64: =SUMIF($AC$2:QX$2,"Số buổi GV xin nghỉ D",$AC64:QX64) -> 0 | AC64: 0 | AD64: 0 | AE64: 0 | AF64: 0 | AG64: 0 | AH64: 0 | BN64: 0 | BO64: 0 | BP64: 0 | BQ64: 0 | BR64: 0 | BS64: 0 | CV64: 0 | CW64: 0 | CX64: 0 | CY64: 0 | CZ64: 0 | DA64: 0 | EG64: 0 | EH64: 0 | EI64: 0 | EJ64: 0 | EK64: 0 | EL64: 0 | FQ64: 0 | FR64: 0 | FS64: 0 | FT64: 0 | FU64: 0 | FV64: 0 | HB64: 0 | HC64: 0 | HD64: 0 | HE64: 0 | HF64: 0 | HG64: 0 | IL64: 0 | IM64: 0 | IN64: 0 | IO64: 0 | IP64: 0 | IQ64: 0 | JW64: 0 | JX64: 0 | JY64: 0 | JZ64: 0 | KA64: 0 | KB64: 0 | LH64: =Sum(LN64:MQ64)+LK64 -> 0 | LI64: =countif(LN64:MQ64,"A") -> 0 | LJ64: =countif(LN64:MRQ64,"B") -> 0 | LK64: =countif(LN64:MQ64,"C") -> 0 | LL64: =countif(LN64:MQ64,"D") -> 0 | LM64: =countif(LN64:MQ64,"E") -> 0 | QX64: 45810
I65: =E65-Y65 -> -30 | J65: 45810 | K65: Kết thúc | L65: 45933 | M65: 18h00 | N65: 357 | O65: 30 | U65: joji | W65: Nguyễn Văn Nhật - kaiwa 4 IT( 02/06/2025 ) - 001 | X65: 30 | Y65: =SUMIF($AC$2:QX$2,"Số buổi đã học",$AC65:QX65)+X65 -> 30 | Z65: =SUMIF($AC$2:QX$2,"Số buổi xin nghỉ có phép A",$AC65:QX65) -> 0 | AA65: =SUMIF($AC$2:QX$2,"Số buổi nghỉ sai quy định C",$AC65:QX65) -> 0 | AB65: =SUMIF($AC$2:QX$2,"Số buổi GV xin nghỉ D",$AC65:QX65) -> 0 | AC65: 0 | AD65: 0 | AE65: 0 | AF65: 0 | AG65: 0 | AH65: 0 | BN65: 0 | BO65: 0 | BP65: 0 | BQ65: 0 | BR65: 0 | BS65: 0 | CV65: 0 | CW65: 0 | CX65: 0 | CY65: 0 | CZ65: 0 | DA65: 0 | EG65: 0 | EH65: 0 | EI65: 0 | EJ65: 0 | EK65: 0 | EL65: 0 | FQ65: 0 | FR65: 0 | FS65: 0 | FT65: 0 | FU65: 0 | FV65: 0 | HB65: 0 | HC65: 0 | HD65: 0 | HE65: 0 | HF65: 0 | HG65: 0 | IL65: 0 | IM65: 0 | IN65: 0 | IO65: 0 | IP65: 0 | IQ65: 0 | JW65: 0 | JX65: 0 | JY65: 0 | JZ65: 0 | KA65: 0 | KB65: 0 | LH65: =Sum(LN65:MQ65)+LK65 -> 0 | LI65: =countif(LN65:MQ65,"A") -> 0 | LJ65: =countif(LN65:MRQ65,"B") -> 0 | LK65: =countif(LN65:MQ65,"C") -> 0 | LL65: =countif(LN65:MQ65,"D") -> 0 | LM65: =countif(LN65:MQ65,"E") -> 0 | QX65: 45811
I66: =E66-Y66 -> -30 | J66: 45819 | K66: Kết thúc | L66: 45901 | M66: 19h00 | N66: 246 | O66: 60 | U66: dungha | W66: K260018 - 001 | X66: 30 | Y66: =SUMIF($AC$2:QX$2,"Số buổi đã học",$AC66:QX66)+X66 -> 30 | Z66: =SUMIF($AC$2:QX$2,"Số buổi xin nghỉ có phép A",$AC66:QX66) -> 0 | AA66: =SUMIF($AC$2:QX$2,"Số buổi nghỉ sai quy định C",$AC66:QX66) -> 0 | AB66: =SUMIF($AC$2:QX$2,"Số buổi GV xin nghỉ D",$AC66:QX66) -> 0 | AC66: 0 | AD66: 0 | AE66: 0 | AF66: 0 | AG66: 0 | AH66: 0 | BN66: 0 | BO66: 0 | BP66: 0 | BQ66: 0 | BR66: 0 | BS66: 0 | CV66: 0 | CW66: 0 | CX66: 0 | CY66: 0 | CZ66: 0 | DA66: 0 | EG66: 0 | EH66: 0 | EI66: 0 | EJ66: 0 | EK66: 0 | EL66: 0 | FQ66: 0 | FR66: 0 | FS66: 0 | FT66: 0 | FU66: 0 | FV66: 0 | HB66: 0 | HC66: 0 | HD66: 0 | HE66: 0 | HF66: 0 | HG66: 0 | IL66: 0 | IM66: 0 | IN66: 0 | IO66: 0 | IP66: 0 | IQ66: 0 | JW66: 0 | JX66: 0 | JY66: 0 | JZ66: 0 | KA66: 0 | KB66: 0 | LH66: =Sum(LN66:MQ66)+LK66 -> 0 | LI66: =countif(LN66:MQ66,"A") -> 0 | LJ66: =countif(LN66:MRQ66,"B") -> 0 | LK66: =countif(LN66:MQ66,"C") -> 0 | LL66: =countif(LN66:MQ66,"D") -> 0 | LM66: =countif(LN66:MQ66,"E") -> 0 | QX66: 45811
I67: =E67-Y67 -> -15 | J67: 45812 | K67: Kết thúc | L67: 45853 | M67: 19h00 | N67: 246 | O67: 30 | U67: trangpt/minami | W67: TẠ THỊ HOA - kaiwa 2 kaigo ( 04/06/2025 ) - 001 | X67: 15 | Y67: =SUMIF($AC$2:QX$2,"Số buổi đã học",$AC67:QX67)+X67 -> 15 | Z67: =SUMIF($AC$2:QX$2,"Số buổi xin nghỉ có phép A",$AC67:QX67) -> 0 | AA67: =SUMIF($AC$2:QX$2,"Số buổi nghỉ sai quy định C",$AC67:QX67) -> 0 | AB67: =SUMIF($AC$2:QX$2,"Số buổi GV xin nghỉ D",$AC67:QX67) -> 0 | AC67: 0 | AD67: 0 | AE67: 0 | AF67: 0 | AG67: 0 | AH67: 0 | BN67: 0 | BO67: 0 | BP67: 0 | BQ67: 0 | BR67: 0 | BS67: 0 | CV67: 0 | CW67: 0 | CX67: 0 | CY67: 0 | CZ67: 0 | DA67: 0 | EG67: 0 | EH67: 0 | EI67: 0 | EJ67: 0 | EK67: 0 | EL67: 0 | FQ67: 0 | FR67: 0 | FS67: 0 | FT67: 0 | FU67: 0 | FV67: 0 | HB67: 0 | HC67: 0 | HD67: 0 | HE67: 0 | HF67: 0 | HG67: 0 | IL67: 0 | IM67: 0 | IN67: 0 | IO67: 0 | IP67: 0 | IQ67: 0 | JW67: 0 | JX67: 0 | JY67: 0 | JZ67: 0 | KA67: 0 | KB67: 0 | LH67: =Sum(LN67:MQ67)+LK67 -> 0 | LI67: =countif(LN67:MQ67,"A") -> 0 | LJ67: =countif(LN67:MRQ67,"B") -> 0 | LK67: =countif(LN67:MQ67,"C") -> 0 | LL67: =countif(LN67:MQ67,"D") -> 0 | LM67: =countif(LN67:MQ67,"E") -> 0 | QX67: 45812
I68: =E68-Y68 -> -30 | J68: 45819 | K68: Kết thúc | L68: 45901 | M68: 19h00 | N68: 246 | O68: 60 | U68: dungha | W68: K260018 - 001 | X68: 30 | Y68: =SUMIF($AC$2:QX$2,"Số buổi đã học",$AC68:QX68)+X68 -> 30 | Z68: =SUMIF($AC$2:QX$2,"Số buổi xin nghỉ có phép A",$AC68:QX68) -> 0 | AA68: =SUMIF($AC$2:QX$2,"Số buổi nghỉ sai quy định C",$AC68:QX68) -> 0 | AB68: =SUMIF($AC$2:QX$2,"Số buổi GV xin nghỉ D",$AC68:QX68) -> 0 | AC68: 0 | AD68: 0 | AE68: 0 | AF68: 0 | AG68: 0 | AH68: 0 | BN68: 0 | BO68: 0 | BP68: 0 | BQ68: 0 | BR68: 0 | BS68: 0 | CV68: 0 | CW68: 0 | CX68: 0 | CY68: 0 | CZ68: 0 | DA68: 0 | EG68: 0 | EH68: 0 | EI68: 0 | EJ68: 0 | EK68: 0 | EL68: 0 | FQ68: 0 | FR68: 0 | FS68: 0 | FT68: 0 | FU68: 0 | FV68: 0 | HB68: 0 | HC68: 0 | HD68: 0 | HE68: 0 | HF68: 0 | HG68: 0 | IL68: 0 | IM68: 0 | IN68: 0 | IO68: 0 | IP68: 0 | IQ68: 0 | JW68: 0 | JX68: 0 | JY68: 0 | JZ68: 0 | KA68: 0 | KB68: 0 | LH68: =Sum(LN68:MQ68)+LK68 -> 0 | LI68: =countif(LN68:MQ68,"A") -> 0 | LJ68: =countif(LN68:MRQ68,"B") -> 0 | LK68: =countif(LN68:MQ68,"C") -> 0 | LL68: =countif(LN68:MQ68,"D") -> 0 | LM68: =countif(LN68:MQ68,"E") -> 0 | QX68: 45812
I69: =E69-Y69 -> -25 | J69: 45826 | K69: Kết thúc | L69: 45980 | M69: 15h30 19h30 | N69: 246 | O69: 30 | U69: trangnth | V69: GV323 | W69: Nguyễn Trọng Nghĩa - Kaiwa 2 (06/06/2025) - 001 | X69: 25 | Y69: =SUMIF($AC$2:QX$2,"Số buổi đã học",$AC69:QX69)+X69 -> 25 | Z69: =SUMIF($AC$2:QX$2,"Số buổi xin nghỉ có phép A",$AC69:QX69) -> 0 | AA69: =SUMIF($AC$2:QX$2,"Số buổi nghỉ sai quy định C",$AC69:QX69) -> 0 | AB69: =SUMIF($AC$2:QX$2,"Số buổi GV xin nghỉ D",$AC69:QX69) -> 0 | AC69: 0 | AD69: 0 | AE69: 0 | AF69: 0 | AG69: 0 | AH69: 0 | BN69: 0 | BO69: 0 | BP69: 0 | BQ69: 0 | BR69: 0 | BS69: 0 | CV69: 0 | CW69: 0 | CX69: 0 | CY69: 0 | CZ69: 0 | DA69: 0 | EG69: 0 | EH69: 0 | EI69: 0 | EJ69: 0 | EK69: 0 | EL69: 0 | FQ69: 0 | FR69: 0 | FS69: 0 | FT69: 0 | FU69: 0 | FV69: 0 | HB69: 0 | HC69: 0 | HD69: 0 | HE69: 0 | HF69: 0 | HG69: 0 | IL69: 0 | IM69: 0 | IN69: 0 | IO69: 0 | IP69: 0 | IQ69: 0 | JW69: 0 | JX69: 0 | JY69: 0 | JZ69: 0 | KA69: 0 | KB69: 0 | LH69: =Sum(LN69:MQ69)+LK69 -> 0 | LI69: =countif(LN69:MQ69,"A") -> 0 | LJ69: =countif(LN69:MRQ69,"B") -> 0 | LK69: =countif(LN69:MQ69,"C") -> 0 | LL69: =countif(LN69:MQ69,"D") -> 0 | LM69: =countif(LN69:MQ69,"E") -> 0 | QX69: 45812
I70: =E70-Y70 -> -29 | J70: 45812 | K70: Kết thúc | L70: 45901 | M70: 17h30 | N70: 357 | O70: 30 | U70: trangpt | W70: Nguyễn Thị Hồng Nở - prekaiwa 2 ( 04/06/2025 ) - 001 Nguyễn Thị Hồng Nở - kaiwa 1 ( 21/07/2025) - 001 | X70: 29 | Y70: =SUMIF($AC$2:QX$2,"Số buổi đã học",$AC70:QX70)+X70 -> 29 | Z70: =SUMIF($AC$2:QX$2,"Số buổi xin nghỉ có phép A",$AC70:QX70) -> 0 | AA70: =SUMIF($AC$2:QX$2,"Số buổi nghỉ sai quy định C",$AC70:QX70) -> 0 | AB70: =SUMIF($AC$2:QX$2,"Số buổi GV xin nghỉ D",$AC70:QX70) -> 0 | AC70: 0 | AD70: 0 | AE70: 0 | AF70: 0 | AG70: 0 | AH70: 0 | BN70: 0 | BO70: 0 | BP70: 0 | BQ70: 0 | BR70: 0 | BS70: 0 | CV70: 0 | CW70: 0 | CX70: 0 | CY70: 0 | CZ70: 0 | DA70: 0 | EG70: 0 | EH70: 0 | EI70: 0 | EJ70: 0 | EK70: 0 | EL70: 0 | FQ70: 0 | FR70: 0 | FS70: 0 | FT70: 0 | FU70: 0 | FV70: 0 | HB70: 0 | HC70: 0 | HD70: 0 | HE70: 0 | HF70: 0 | HG70: 0 | IL70: 0 | IM70: 0 | IN70: 0 | IO70: 0 | IP70: 0 | IQ70: 0 | JW70: 0 | JX70: 0 | JY70: 0 | JZ70: 0 | KA70: 0 | KB70: 0 | LH70: =Sum(LN70:MQ70)+LK70 -> 0 | LI70: =countif(LN70:MQ70,"A") -> 0 | LJ70: =countif(LN70:MRQ70,"B") -> 0 | LK70: =countif(LN70:MQ70,"C") -> 0 | LL70: =countif(LN70:MQ70,"D") -> 0 | LM70: =countif(LN70:MQ70,"E") -> 0 | QX70: 45813
I71: =E71-Y71 -> -30 | J71: 45819 | K71: Kết thúc | L71: 45901 | M71: 19h00 | N71: 246 | O71: 60 | U71: dungha | W71: K260018 - 001 | X71: 30 | Y71: =SUMIF($AC$2:QX$2,"Số buổi đã học",$AC71:QX71)+X71 -> 30 | Z71: =SUMIF($AC$2:QX$2,"Số buổi xin nghỉ có phép A",$AC71:QX71) -> 0 | AA71: =SUMIF($AC$2:QX$2,"Số buổi nghỉ sai quy định C",$AC71:QX71) -> 0 | AB71: =SUMIF($AC$2:QX$2,"Số buổi GV xin nghỉ D",$AC71:QX71) -> 0 | AC71: 0 | AD71: 0 | AE71: 0 | AF71: 0 | AG71: 0 | AH71: 0 | BN71: 0 | BO71: 0 | BP71: 0 | BQ71: 0 | BR71: 0 | BS71: 0 | CV71: 0 | CW71: 0 | CX71: 0 | CY71: 0 | CZ71: 0 | DA71: 0 | EG71: 0 | EH71: 0 | EI71: 0 | EJ71: 0 | EK71: 0 | EL71: 0 | FQ71: 0 | FR71: 0 | FS71: 0 | FT71: 0 | FU71: 0 | FV71: 0 | HB71: 0 | HC71: 0 | HD71: 0 | HE71: 0 | HF71: 0 | HG71: 0 | IL71: 0 | IM71: 0 | IN71: 0 | IO71: 0 | IP71: 0 | IQ71: 0 | JW71: 0 | JX71: 0 | JY71: 0 | JZ71: 0 | KA71: 0 | KB71: 0 | LH71: =Sum(LN71:MQ71)+LK71 -> 0 | LI71: =countif(LN71:MQ71,"A") -> 0 | LJ71: =countif(LN71:MRQ71,"B") -> 0 | LK71: =countif(LN71:MQ71,"C") -> 0 | LL71: =countif(LN71:MQ71,"D") -> 0 | LM71: =countif(LN71:MQ71,"E") -> 0 | QX71: 45814
I72: =E72-Y72 -> -30 | J72: 45821 | K72: Kết thúc | L72: 45931 | M72: 19h00 | N72: 246 | O72: 45 | U72: linhntm | W72: K145016 - 001 | X72: 30 | Y72: =SUMIF($AC$2:QX$2,"Số buổi đã học",$AC72:QX72)+X72 -> 30 | Z72: =SUMIF($AC$2:QX$2,"Số buổi xin nghỉ có phép A",$AC72:QX72) -> 0 | AA72: =SUMIF($AC$2:QX$2,"Số buổi nghỉ sai quy định C",$AC72:QX72) -> 0 | AB72: =SUMIF($AC$2:QX$2,"Số buổi GV xin nghỉ D",$AC72:QX72) -> 0 | AC72: 0 | AD72: 0 | AE72: 0 | AF72: 0 | AG72: 0 | AH72: 0 | BN72: 0 | BO72: 0 | BP72: 0 | BQ72: 0 | BR72: 0 | BS72: 0 | CV72: 0 | CW72: 0 | CX72: 0 | CY72: 0 | CZ72: 0 | DA72: 0 | EG72: 0 | EH72: 0 | EI72: 0 | EJ72: 0 | EK72: 0 | EL72: 0 | FQ72: 0 | FR72: 0 | FS72: 0 | FT72: 0 | FU72: 0 | FV72: 0 | HB72: 0 | HC72: 0 | HD72: 0 | HE72: 0 | HF72: 0 | HG72: 0 | IL72: 0 | IM72: 0 | IN72: 0 | IO72: 0 | IP72: 0 | IQ72: 0 | JW72: 0 | JX72: 0 | JY72: 0 | JZ72: 0 | KA72: 0 | KB72: 0 | LH72: =Sum(LN72:MQ72)+LK72 -> 0 | LI72: =countif(LN72:MQ72,"A") -> 0 | LJ72: =countif(LN72:MRQ72,"B") -> 0 | LK72: =countif(LN72:MQ72,"C") -> 0 | LL72: =countif(LN72:MQ72,"D") -> 0 | LM72: =countif(LN72:MQ72,"E") -> 0 | QX72: 45814
I73: =E73-Y73 -> -30 | J73: 45819 | K73: Kết thúc | L73: 45901 | M73: 19h00 | N73: 246 | O73: 60 | U73: dungha | W73: K260018 - 001 | X73: 30 | Y73: =SUMIF($AC$2:QX$2,"Số buổi đã học",$AC73:QX73)+X73 -> 30 | Z73: =SUMIF($AC$2:QX$2,"Số buổi xin nghỉ có phép A",$AC73:QX73) -> 0 | AA73: =SUMIF($AC$2:QX$2,"Số buổi nghỉ sai quy định C",$AC73:QX73) -> 0 | AB73: =SUMIF($AC$2:QX$2,"Số buổi GV xin nghỉ D",$AC73:QX73) -> 0 | AC73: 0 | AD73: 0 | AE73: 0 | AF73: 0 | AG73: 0 | AH73: 0 | BN73: 0 | BO73: 0 | BP73: 0 | BQ73: 0 | BR73: 0 | BS73: 0 | CV73: 0 | CW73: 0 | CX73: 0 | CY73: 0 | CZ73: 0 | DA73: 0 | EG73: 0 | EH73: 0 | EI73: 0 | EJ73: 0 | EK73: 0 | EL73: 0 | FQ73: 0 | FR73: 0 | FS73: 0 | FT73: 0 | FU73: 0 | FV73: 0 | HB73: 0 | HC73: 0 | HD73: 0 | HE73: 0 | HF73: 0 | HG73: 0 | IL73: 0 | IM73: 0 | IN73: 0 | IO73: 0 | IP73: 0 | IQ73: 0 | JW73: 0 | JX73: 0 | JY73: 0 | JZ73: 0 | KA73: 0 | KB73: 0 | LH73: =Sum(LN73:MQ73)+LK73 -> 0 | LI73: =countif(LN73:MQ73,"A") -> 0 | LJ73: =countif(LN73:MRQ73,"B") -> 0 | LK73: =countif(LN73:MQ73,"C") -> 0 | LL73: =countif(LN73:MQ73,"D") -> 0 | LM73: =countif(LN73:MQ73,"E") -> 0 | QX73: 45814
I74: =E74-Y74 -> -21 | J74: 45817 | K74: Kết thúc | L74: 45900 | M74: 19h00 | N74: 246 | O74: 30 | U74: anhpt | V74: GV90 | W74: Lê Chí Đạt - kaiwa 3 ( 06/06/2025 ) - 001 | X74: 21 | Y74: =SUMIF($AC$2:QX$2,"Số buổi đã học",$AC74:QX74)+X74 -> 21 | Z74: =SUMIF($AC$2:QX$2,"Số buổi xin nghỉ có phép A",$AC74:QX74) -> 0 | AA74: =SUMIF($AC$2:QX$2,"Số buổi nghỉ sai quy định C",$AC74:QX74) -> 0 | AB74: =SUMIF($AC$2:QX$2,"Số buổi GV xin nghỉ D",$AC74:QX74) -> 0 | AC74: 0 | AD74: 0 | AE74: 0 | AF74: 0 | AG74: 0 | AH74: 0 | BN74: 0 | BO74: 0 | BP74: 0 | BQ74: 0 | BR74: 0 | BS74: 0 | CV74: 0 | CW74: 0 | CX74: 0 | CY74: 0 | CZ74: 0 | DA74: 0 | EG74: 0 | EH74: 0 | EI74: 0 | EJ74: 0 | EK74: 0 | EL74: 0 | FQ74: 0 | FR74: 0 | FS74: 0 | FT74: 0 | FU74: 0 | FV74: 0 | HB74: 0 | HC74: 0 | HD74: 0 | HE74: 0 | HF74: 0 | HG74: 0 | IL74: 0 | IM74: 0 | IN74: 0 | IO74: 0 | IP74: 0 | IQ74: 0 | JW74: 0 | JX74: 0 | JY74: 0 | JZ74: 0 | KA74: 0 | KB74: 0 | LH74: =Sum(LN74:MQ74)+LK74 -> 0 | LI74: =countif(LN74:MQ74,"A") -> 0 | LJ74: =countif(LN74:MRQ74,"B") -> 0 | LK74: =countif(LN74:MQ74,"C") -> 0 | LL74: =countif(LN74:MQ74,"D") -> 0 | LM74: =countif(LN74:MQ74,"E") -> 0 | QX74: 45814
I75: =E75-Y75 -> -30 | J75: 45849 | K75: Kết thúc | L75: 45931 | M75: 19h00 | N75: 246 | O75: 45 | U75: hanhntn | W75: K145019 - 001 | X75: 30 | Y75: =SUMIF($AC$2:QX$2,"Số buổi đã học",$AC75:QX75)+X75 -> 30 | Z75: =SUMIF($AC$2:QX$2,"Số buổi xin nghỉ có phép A",$AC75:QX75) -> 0 | AA75: =SUMIF($AC$2:QX$2,"Số buổi nghỉ sai quy định C",$AC75:QX75) -> 0 | AB75: =SUMIF($AC$2:QX$2,"Số buổi GV xin nghỉ D",$AC75:QX75) -> 0 | AC75: 0 | AD75: 0 | AE75: 0 | AF75: 0 | AG75: 0 | AH75: 0 | BN75: 0 | BO75: 0 | BP75: 0 | BQ75: 0 | BR75: 0 | BS75: 0 | CV75: 0 | CW75: 0 | CX75: 0 | CY75: 0 | CZ75: 0 | DA75: 0 | EG75: 0 | EH75: 0 | EI75: 0 | EJ75: 0 | EK75: 0 | EL75: 0 | FQ75: 0 | FR75: 0 | FS75: 0 | FT75: 0 | FU75: 0 | FV75: 0 | HB75: 0 | HC75: 0 | HD75: 0 | HE75: 0 | HF75: 0 | HG75: 0 | IL75: 0 | IM75: 0 | IN75: 0 | IO75: 0 | IP75: 0 | IQ75: 0 | JW75: 0 | JX75: 0 | JY75: 0 | JZ75: 0 | KA75: 0 | KB75: 0 | LH75: =Sum(LN75:MQ75)+LK75 -> 0 | LI75: =countif(LN75:MQ75,"A") -> 0 | LJ75: =countif(LN75:MRQ75,"B") -> 0 | LK75: =countif(LN75:MQ75,"C") -> 0 | LL75: =countif(LN75:MQ75,"D") -> 0 | LM75: =countif(LN75:MQ75,"E") -> 0 | QX75: 45817
I76: =E76-Y76 -> -12 | J76: 45819 | K76: Kết thúc | L76: 45847 | M76: 18h00 | N76: 246 | O76: 30 | U76: nhunglnt | W76: Bàn Thị Ly - kaiwa 1 ( 09/06/2025 ) - 001 | X76: 12 | Y76: =SUMIF($AC$2:QX$2,"Số buổi đã học",$AC76:QX76)+X76 -> 12 | Z76: =SUMIF($AC$2:QX$2,"Số buổi xin nghỉ có phép A",$AC76:QX76) -> 0 | AA76: =SUMIF($AC$2:QX$2,"Số buổi nghỉ sai quy định C",$AC76:QX76) -> 0 | AB76: =SUMIF($AC$2:QX$2,"Số buổi GV xin nghỉ D",$AC76:QX76) -> 0 | AC76: 0 | AD76: 0 | AE76: 0 | AF76: 0 | AG76: 0 | AH76: 0 | BN76: 0 | BO76: 0 | BP76: 0 | BQ76: 0 | BR76: 0 | BS76: 0 | CV76: 0 | CW76: 0 | CX76: 0 | CY76: 0 | CZ76: 0 | DA76: 0 | EG76: 0 | EH76: 0 | EI76: 0 | EJ76: 0 | EK76: 0 | EL76: 0 | FQ76: 0 | FR76: 0 | FS76: 0 | FT76: 0 | FU76: 0 | FV76: 0 | HB76: 0 | HC76: 0 | HD76: 0 | HE76: 0 | HF76: 0 | HG76: 0 | IL76: 0 | IM76: 0 | IN76: 0 | IO76: 0 | IP76: 0 | IQ76: 0 | JW76: 0 | JX76: 0 | JY76: 0 | JZ76: 0 | KA76: 0 | KB76: 0 | LH76: =Sum(LN76:MQ76)+LK76 -> 0 | LI76: =countif(LN76:MQ76,"A") -> 0 | LJ76: =countif(LN76:MRQ76,"B") -> 0 | LK76: =countif(LN76:MQ76,"C") -> 0 | LL76: =countif(LN76:MQ76,"D") -> 0 | LM76: =countif(LN76:MQ76,"E") -> 0 | QX76: 45817
I77: =E77-Y77 -> -6 | J77: 45826 | K77: Kết thúc | L77: 45840 | M77: 17h00 | N77: 246 | O77: 30 | U77: trangnth | W77: Lê Hải Định - kaiwa 1 ( 10/06/2025 ) - 001 | X77: 6 | Y77: =SUMIF($AC$2:QX$2,"Số buổi đã học",$AC77:QX77)+X77 -> 6 | Z77: =SUMIF($AC$2:QX$2,"Số buổi xin nghỉ có phép A",$AC77:QX77) -> 0 | AA77: =SUMIF($AC$2:QX$2,"Số buổi nghỉ sai quy định C",$AC77:QX77) -> 0 | AB77: =SUMIF($AC$2:QX$2,"Số buổi GV xin nghỉ D",$AC77:QX77) -> 0 | AC77: 0 | AD77: 0 | AE77: 0 | AF77: 0 | AG77: 0 | AH77: 0 | BN77: 0 | BO77: 0 | BP77: 0 | BQ77: 0 | BR77: 0 | BS77: 0 | CV77: 0 | CW77: 0 | CX77: 0 | CY77: 0 | CZ77: 0 | DA77: 0 | EG77: 0 | EH77: 0 | EI77: 0 | EJ77: 0 | EK77: 0 | EL77: 0 | FQ77: 0 | FR77: 0 | FS77: 0 | FT77: 0 | FU77: 0 | FV77: 0 | HB77: 0 | HC77: 0 | HD77: 0 | HE77: 0 | HF77: 0 | HG77: 0 | IL77: 0 | IM77: 0 | IN77: 0 | IO77: 0 | IP77: 0 | IQ77: 0 | JW77: 0 | JX77: 0 | JY77: 0 | JZ77: 0 | KA77: 0 | KB77: 0 | LH77: =Sum(LN77:MQ77)+LK77 -> 0 | LI77: =countif(LN77:MQ77,"A") -> 0 | LJ77: =countif(LN77:MRQ77,"B") -> 0 | LK77: =countif(LN77:MQ77,"C") -> 0 | LL77: =countif(LN77:MQ77,"D") -> 0 | LM77: =countif(LN77:MQ77,"E") -> 0 | QX77: 45818
I78: =E78-Y78 -> -30 | J78: 45819 | K78: Kết thúc | L78: 45901 | M78: 19h00 | N78: 246 | O78: 60 | U78: dungha | W78: K260018 - 001 | X78: 30 | Y78: =SUMIF($AC$2:QX$2,"Số buổi đã học",$AC78:QX78)+X78 -> 30 | Z78: =SUMIF($AC$2:QX$2,"Số buổi xin nghỉ có phép A",$AC78:QX78) -> 0 | AA78: =SUMIF($AC$2:QX$2,"Số buổi nghỉ sai quy định C",$AC78:QX78) -> 0 | AB78: =SUMIF($AC$2:QX$2,"Số buổi GV xin nghỉ D",$AC78:QX78) -> 0 | AC78: 0 | AD78: 0 | AE78: 0 | AF78: 0 | AG78: 0 | AH78: 0 | BN78: 0 | BO78: 0 | BP78: 0 | BQ78: 0 | BR78: 0 | BS78: 0 | CV78: 0 | CW78: 0 | CX78: 0 | CY78: 0 | CZ78: 0 | DA78: 0 | EG78: 0 | EH78: 0 | EI78: 0 | EJ78: 0 | EK78: 0 | EL78: 0 | FQ78: 0 | FR78: 0 | FS78: 0 | FT78: 0 | FU78: 0 | FV78: 0 | HB78: 0 | HC78: 0 | HD78: 0 | HE78: 0 | HF78: 0 | HG78: 0 | IL78: 0 | IM78: 0 | IN78: 0 | IO78: 0 | IP78: 0 | IQ78: 0 | JW78: 0 | JX78: 0 | JY78: 0 | JZ78: 0 | KA78: 0 | KB78: 0 | LH78: =Sum(LN78:MQ78)+LK78 -> 0 | LI78: =countif(LN78:MQ78,"A") -> 0 | LJ78: =countif(LN78:MRQ78,"B") -> 0 | LK78: =countif(LN78:MQ78,"C") -> 0 | LL78: =countif(LN78:MQ78,"D") -> 0 | LM78: =countif(LN78:MQ78,"E") -> 0 | QX78: 45817
I79: =E79-Y79 -> -8 | J79: 45817 | K79: Kết thúc | L79: 45849 | M79: 18h30 | N79: 246 | O79: 30 | U79: anhpt | V79: GV90 | W79: Bàn Tôn Pu - kaiwa 2 ( 09/06/2025 ) - 001 Bàn Tôn Pu - kaiwa 3 ( 30/06/2025 ) - 001 | X79: 8 | Y79: =SUMIF($AC$2:QX$2,"Số buổi đã học",$AC79:QX79)+X79 -> 8 | Z79: =SUMIF($AC$2:QX$2,"Số buổi xin nghỉ có phép A",$AC79:QX79) -> 0 | AA79: =SUMIF($AC$2:QX$2,"Số buổi nghỉ sai quy định C",$AC79:QX79) -> 0 | AB79: =SUMIF($AC$2:QX$2,"Số buổi GV xin nghỉ D",$AC79:QX79) -> 0 | AC79: 0 | AD79: 0 | AE79: 0 | AF79: 0 | AG79: 0 | AH79: 0 | BN79: 0 | BO79: 0 | BP79: 0 | BQ79: 0 | BR79: 0 | BS79: 0 | CV79: 0 | CW79: 0 | CX79: 0 | CY79: 0 | CZ79: 0 | DA79: 0 | EG79: 0 | EH79: 0 | EI79: 0 | EJ79: 0 | EK79: 0 | EL79: 0 | FQ79: 0 | FR79: 0 | FS79: 0 | FT79: 0 | FU79: 0 | FV79: 0 | HB79: 0 | HC79: 0 | HD79: 0 | HE79: 0 | HF79: 0 | HG79: 0 | IL79: 0 | IM79: 0 | IN79: 0 | IO79: 0 | IP79: 0 | IQ79: 0 | JW79: 0 | JX79: 0 | JY79: 0 | JZ79: 0 | KA79: 0 | KB79: 0 | LH79: =Sum(LN79:MQ79)+LK79 -> 0 | LI79: =countif(LN79:MQ79,"A") -> 0 | LJ79: =countif(LN79:MRQ79,"B") -> 0 | LK79: =countif(LN79:MQ79,"C") -> 0 | LL79: =countif(LN79:MQ79,"D") -> 0 | LM79: =countif(LN79:MQ79,"E") -> 0 | QX79: 45818
I80: =E80-Y80 -> -12 | J80: 45819 | K80: Kết thúc | L80: 45846 | M80: 18h30 | N80: 246 | O80: 30 | U80: thanhnn | W80: Nguyễn Thu Thủy - kaiwa 2 ( 11/06/2025 ) - 001 | X80: 12 | Y80: =SUMIF($AC$2:QX$2,"Số buổi đã học",$AC80:QX80)+X80 -> 12 | Z80: =SUMIF($AC$2:QX$2,"Số buổi xin nghỉ có phép A",$AC80:QX80) -> 0 | AA80: =SUMIF($AC$2:QX$2,"Số buổi nghỉ sai quy định C",$AC80:QX80) -> 0 | AB80: =SUMIF($AC$2:QX$2,"Số buổi GV xin nghỉ D",$AC80:QX80) -> 0 | AC80: 0 | AD80: 0 | AE80: 0 | AF80: 0 | AG80: 0 | AH80: 0 | BN80: 0 | BO80: 0 | BP80: 0 | BQ80: 0 | BR80: 0 | BS80: 0 | CV80: 0 | CW80: 0 | CX80: 0 | CY80: 0 | CZ80: 0 | DA80: 0 | EG80: 0 | EH80: 0 | EI80: 0 | EJ80: 0 | EK80: 0 | EL80: 0 | FQ80: 0 | FR80: 0 | FS80: 0 | FT80: 0 | FU80: 0 | FV80: 0 | HB80: 0 | HC80: 0 | HD80: 0 | HE80: 0 | HF80: 0 | HG80: 0 | IL80: 0 | IM80: 0 | IN80: 0 | IO80: 0 | IP80: 0 | IQ80: 0 | JW80: 0 | JX80: 0 | JY80: 0 | JZ80: 0 | KA80: 0 | KB80: 0 | LH80: =Sum(LN80:MQ80)+LK80 -> 0 | LI80: =countif(LN80:MQ80,"A") -> 0 | LJ80: =countif(LN80:MRQ80,"B") -> 0 | LK80: =countif(LN80:MQ80,"C") -> 0 | LL80: =countif(LN80:MQ80,"D") -> 0 | LM80: =countif(LN80:MQ80,"E") -> 0 | QX80: 45818
I81: =E81-Y81 -> -30 | J81: 45826 | K81: Kết thúc | L81: 45922 | M81: 20h30 | N81: 246 | O81: 30 | U81: nunt | W81: Nguyễn Thị Tuyết Nhung - kaiwa 3 ( 13/06/2025 ) - 001 | X81: 30 | Y81: =SUMIF($AC$2:QX$2,"Số buổi đã học",$AC81:QX81)+X81 -> 30 | Z81: =SUMIF($AC$2:QX$2,"Số buổi xin nghỉ có phép A",$AC81:QX81) -> 0 | AA81: =SUMIF($AC$2:QX$2,"Số buổi nghỉ sai quy định C",$AC81:QX81) -> 0 | AB81: =SUMIF($AC$2:QX$2,"Số buổi GV xin nghỉ D",$AC81:QX81) -> 0 | AC81: 0 | AD81: 0 | AE81: 0 | AF81: 0 | AG81: 0 | AH81: 0 | BN81: 0 | BO81: 0 | BP81: 0 | BQ81: 0 | BR81: 0 | BS81: 0 | CV81: 0 | CW81: 0 | CX81: 0 | CY81: 0 | CZ81: 0 | DA81: 0 | EG81: 0 | EH81: 0 | EI81: 0 | EJ81: 0 | EK81: 0 | EL81: 0 | FQ81: 0 | FR81: 0 | FS81: 0 | FT81: 0 | FU81: 0 | FV81: 0 | HB81: 0 | HC81: 0 | HD81: 0 | HE81: 0 | HF81: 0 | HG81: 0 | IL81: 0 | IM81: 0 | IN81: 0 | IO81: 0 | IP81: 0 | IQ81: 0 | JW81: 0 | JX81: 0 | JY81: 0 | JZ81: 0 | KA81: 0 | KB81: 0 | LH81: =Sum(LN81:MQ81)+LK81 -> 0 | LI81: =countif(LN81:MQ81,"A") -> 0 | LJ81: =countif(LN81:MRQ81,"B") -> 0 | LK81: =countif(LN81:MQ81,"C") -> 0 | LL81: =countif(LN81:MQ81,"D") -> 0 | LM81: =countif(LN81:MQ81,"E") -> 0 | QX81: 45818
I82: =E82-Y82 -> -30 | J82: 45821 | K82: Kết thúc | L82: 45914 | M82: 19h00 | N82: 246 | O82: 30 | U82: nhunglnt | W82: Huỳnh Trần Hoàng Kha - kaiwa 2 ( 11/06/2025 ) - 001 | X82: 30 | Y82: =SUMIF($AC$2:QX$2,"Số buổi đã học",$AC82:QX82)+X82 -> 30 | Z82: =SUMIF($AC$2:QX$2,"Số buổi xin nghỉ có phép A",$AC82:QX82) -> 0 | AA82: =SUMIF($AC$2:QX$2,"Số buổi nghỉ sai quy định C",$AC82:QX82) -> 0 | AB82: =SUMIF($AC$2:QX$2,"Số buổi GV xin nghỉ D",$AC82:QX82) -> 0 | AC82: 0 | AD82: 0 | AE82: 0 | AF82: 0 | AG82: 0 | AH82: 0 | BN82: 0 | BO82: 0 | BP82: 0 | BQ82: 0 | BR82: 0 | BS82: 0 | CV82: 0 | CW82: 0 | CX82: 0 | CY82: 0 | CZ82: 0 | DA82: 0 | EG82: 0 | EH82: 0 | EI82: 0 | EJ82: 0 | EK82: 0 | EL82: 0 | FQ82: 0 | FR82: 0 | FS82: 0 | FT82: 0 | FU82: 0 | FV82: 0 | HB82: 0 | HC82: 0 | HD82: 0 | HE82: 0 | HF82: 0 | HG82: 0 | IL82: 0 | IM82: 0 | IN82: 0 | IO82: 0 | IP82: 0 | IQ82: 0 | JW82: 0 | JX82: 0 | JY82: 0 | JZ82: 0 | KA82: 0 | KB82: 0 | LH82: =Sum(LN82:MQ82)+LK82 -> 0 | LI82: =countif(LN82:MQ82,"A") -> 0 | LJ82: =countif(LN82:MRQ82,"B") -> 0 | LK82: =countif(LN82:MQ82,"C") -> 0 | LL82: =countif(LN82:MQ82,"D") -> 0 | LM82: =countif(LN82:MQ82,"E") -> 0 | QX82: 45818
I83: =E83-Y83 -> -23 | J83: 45824 | K83: Kết thúc | L83: 45934 | M83: 20h30 | N83: 246 | O83: 30 | U83: hiềntt | V83: GV382 | W83: Hồ Thị Kim Ngân - kaiwa 3 ( 11/06/2025 ) - 001 | X83: 23 | Y83: =SUMIF($AC$2:QX$2,"Số buổi đã học",$AC83:QX83)+X83 -> 23 | Z83: =SUMIF($AC$2:QX$2,"Số buổi xin nghỉ có phép A",$AC83:QX83) -> 0 | AA83: =SUMIF($AC$2:QX$2,"Số buổi nghỉ sai quy định C",$AC83:QX83) -> 0 | AB83: =SUMIF($AC$2:QX$2,"Số buổi GV xin nghỉ D",$AC83:QX83) -> 0 | AC83: 0 | AD83: 0 | AE83: 0 | AF83: 0 | AG83: 0 | AH83: 0 | BN83: 0 | BO83: 0 | BP83: 0 | BQ83: 0 | BR83: 0 | BS83: 0 | CV83: 0 | CW83: 0 | CX83: 0 | CY83: 0 | CZ83: 0 | DA83: 0 | EG83: 0 | EH83: 0 | EI83: 0 | EJ83: 0 | EK83: 0 | EL83: 0 | FQ83: 0 | FR83: 0 | FS83: 0 | FT83: 0 | FU83: 0 | FV83: 0 | HB83: 0 | HC83: 0 | HD83: 0 | HE83: 0 | HF83: 0 | HG83: 0 | IL83: 0 | IM83: 0 | IN83: 0 | IO83: 0 | IP83: 0 | IQ83: 0 | JW83: 0 | JX83: 0 | JY83: 0 | JZ83: 0 | KA83: 0 | KB83: 0 | LH83: =Sum(LN83:MQ83)+LK83 -> 0 | LI83: =countif(LN83:MQ83,"A") -> 0 | LJ83: =countif(LN83:MRQ83,"B") -> 0 | LK83: =countif(LN83:MQ83,"C") -> 0 | LL83: =countif(LN83:MQ83,"D") -> 0 | LM83: =countif(LN83:MQ83,"E") -> 0 | QX83: 45819
I84: =E84-Y84 -> -31 | J84: 45819 | K84: Kết thúc | L84: 45924 | M84: 08h30 | N84: 246 | O84: 30 | U84: chiaki | W84: Đinh Thị Khánh Linh - kaiwa 4 ( 11/06/2025 ) - 001 | X84: 31 | Y84: =SUMIF($AC$2:QX$2,"Số buổi đã học",$AC84:QX84)+X84 -> 31 | Z84: =SUMIF($AC$2:QX$2,"Số buổi xin nghỉ có phép A",$AC84:QX84) -> 0 | AA84: =SUMIF($AC$2:QX$2,"Số buổi nghỉ sai quy định C",$AC84:QX84) -> 0 | AB84: =SUMIF($AC$2:QX$2,"Số buổi GV xin nghỉ D",$AC84:QX84) -> 0 | AC84: 0 | AD84: 0 | AE84: 0 | AF84: 0 | AG84: 0 | AH84: 0 | BN84: 0 | BO84: 0 | BP84: 0 | BQ84: 0 | BR84: 0 | BS84: 0 | CV84: 0 | CW84: 0 | CX84: 0 | CY84: 0 | CZ84: 0 | DA84: 0 | EG84: 0 | EH84: 0 | EI84: 0 | EJ84: 0 | EK84: 0 | EL84: 0 | FQ84: 0 | FR84: 0 | FS84: 0 | FT84: 0 | FU84: 0 | FV84: 0 | HB84: 0 | HC84: 0 | HD84: 0 | HE84: 0 | HF84: 0 | HG84: 0 | IL84: 0 | IM84: 0 | IN84: 0 | IO84: 0 | IP84: 0 | IQ84: 0 | JW84: 0 | JX84: 0 | JY84: 0 | JZ84: 0 | KA84: 0 | KB84: 0 | LH84: =Sum(LN84:MQ84)+LK84 -> 0 | LI84: =countif(LN84:MQ84,"A") -> 0 | LJ84: =countif(LN84:MRQ84,"B") -> 0 | LK84: =countif(LN84:MQ84,"C") -> 0 | LL84: =countif(LN84:MQ84,"D") -> 0 | LM84: =countif(LN84:MQ84,"E") -> 0 | QX84: 45819
I85: =E85-Y85 -> -30 | J85: 45822 | K85: Kết thúc | L85: 45892 | M85: 18h35 | N85: 357 | O85: 30 | U85: hiềntt | W85: Trần Thị Lan Anh - kaiwa 2 ( (13/06/2025 ) - 001 | X85: 30 | Y85: =SUMIF($AC$2:QX$2,"Số buổi đã học",$AC85:QX85)+X85 -> 30 | Z85: =SUMIF($AC$2:QX$2,"Số buổi xin nghỉ có phép A",$AC85:QX85) -> 0 | AA85: =SUMIF($AC$2:QX$2,"Số buổi nghỉ sai quy định C",$AC85:QX85) -> 0 | AB85: =SUMIF($AC$2:QX$2,"Số buổi GV xin nghỉ D",$AC85:QX85) -> 0 | AC85: 0 | AD85: 0 | AE85: 0 | AF85: 0 | AG85: 0 | AH85: 0 | BN85: 0 | BO85: 0 | BP85: 0 | BQ85: 0 | BR85: 0 | BS85: 0 | CV85: 0 | CW85: 0 | CX85: 0 | CY85: 0 | CZ85: 0 | DA85: 0 | EG85: 0 | EH85: 0 | EI85: 0 | EJ85: 0 | EK85: 0 | EL85: 0 | FQ85: 0 | FR85: 0 | FS85: 0 | FT85: 0 | FU85: 0 | FV85: 0 | HB85: 0 | HC85: 0 | HD85: 0 | HE85: 0 | HF85: 0 | HG85: 0 | IL85: 0 | IM85: 0 | IN85: 0 | IO85: 0 | IP85: 0 | IQ85: 0 | JW85: 0 | JX85: 0 | JY85: 0 | JZ85: 0 | KA85: 0 | KB85: 0 | LH85: =Sum(LN85:MQ85)+LK85 -> 0 | LI85: =countif(LN85:MQ85,"A") -> 0 | LJ85: =countif(LN85:MRQ85,"B") -> 0 | LK85: =countif(LN85:MQ85,"C") -> 0 | LL85: =countif(LN85:MQ85,"D") -> 0 | LM85: =countif(LN85:MQ85,"E") -> 0 | QX85: 45819
I86: =E86-Y86 -> -30 | J86: 45824 | K86: Kết thúc | L86: 45946 | M86: 19h00 | N86: 357 | O86: 30 | U86: minami | W86: Hà Tuấn Ánh - kaiwa 2 ( 13/06/2025 ) - 001 | X86: 30 | Y86: =SUMIF($AC$2:QX$2,"Số buổi đã học",$AC86:QX86)+X86 -> 30 | Z86: =SUMIF($AC$2:QX$2,"Số buổi xin nghỉ có phép A",$AC86:QX86) -> 0 | AA86: =SUMIF($AC$2:QX$2,"Số buổi nghỉ sai quy định C",$AC86:QX86) -> 0 | AB86: =SUMIF($AC$2:QX$2,"Số buổi GV xin nghỉ D",$AC86:QX86) -> 0 | AC86: 0 | AD86: 0 | AE86: 0 | AF86: 0 | AG86: 0 | AH86: 0 | BN86: 0 | BO86: 0 | BP86: 0 | BQ86: 0 | BR86: 0 | BS86: 0 | CV86: 0 | CW86: 0 | CX86: 0 | CY86: 0 | CZ86: 0 | DA86: 0 | EG86: 0 | EH86: 0 | EI86: 0 | EJ86: 0 | EK86: 0 | EL86: 0 | FQ86: 0 | FR86: 0 | FS86: 0 | FT86: 0 | FU86: 0 | FV86: 0 | HB86: 0 | HC86: 0 | HD86: 0 | HE86: 0 | HF86: 0 | HG86: 0 | IL86: 0 | IM86: 0 | IN86: 0 | IO86: 0 | IP86: 0 | IQ86: 0 | JW86: 0 | JX86: 0 | JY86: 0 | JZ86: 0 | KA86: 0 | KB86: 0 | LH86: =Sum(LN86:MQ86)+LK86 -> 0 | LI86: =countif(LN86:MQ86,"A") -> 0 | LJ86: =countif(LN86:MRQ86,"B") -> 0 | LK86: =countif(LN86:MQ86,"C") -> 0 | LL86: =countif(LN86:MQ86,"D") -> 0 | LM86: =countif(LN86:MQ86,"E") -> 0 | QX86: 45820
I87: =E87-Y87 -> -30 | J87: 45821 | K87: Kết thúc | L87: 45929 | M87: 19h00 | N87: 246 | O87: 45 | U87: linhntm | W87: K145016 - 001 | X87: 30 | Y87: =SUMIF($AC$2:QX$2,"Số buổi đã học",$AC87:QX87)+X87 -> 30 | Z87: =SUMIF($AC$2:QX$2,"Số buổi xin nghỉ có phép A",$AC87:QX87) -> 0 | AA87: =SUMIF($AC$2:QX$2,"Số buổi nghỉ sai quy định C",$AC87:QX87) -> 0 | AB87: =SUMIF($AC$2:QX$2,"Số buổi GV xin nghỉ D",$AC87:QX87) -> 0 | AC87: 0 | AD87: 0 | AE87: 0 | AF87: 0 | AG87: 0 | AH87: 0 | BN87: 0 | BO87: 0 | BP87: 0 | BQ87: 0 | BR87: 0 | BS87: 0 | CV87: 0 | CW87: 0 | CX87: 0 | CY87: 0 | CZ87: 0 | DA87: 0 | EG87: 0 | EH87: 0 | EI87: 0 | EJ87: 0 | EK87: 0 | EL87: 0 | FQ87: 0 | FR87: 0 | FS87: 0 | FT87: 0 | FU87: 0 | FV87: 0 | HB87: 0 | HC87: 0 | HD87: 0 | HE87: 0 | HF87: 0 | HG87: 0 | IL87: 0 | IM87: 0 | IN87: 0 | IO87: 0 | IP87: 0 | IQ87: 0 | JW87: 0 | JX87: 0 | JY87: 0 | JZ87: 0 | KA87: 0 | KB87: 0 | LH87: =Sum(LN87:MQ87)+LK87 -> 0 | LI87: =countif(LN87:MQ87,"A") -> 0 | LJ87: =countif(LN87:MRQ87,"B") -> 0 | LK87: =countif(LN87:MQ87,"C") -> 0 | LL87: =countif(LN87:MQ87,"D") -> 0 | LM87: =countif(LN87:MQ87,"E") -> 0 | QX87: 45820
I88: =E88-Y88 -> -30 | J88: 45821 | K88: Kết thúc | L88: 45910 | M88: 11h00 18h00 | N88: 246 | O88: 30 | U88: thamtt | W88: Phạm Quốc Lĩnh - kaiwa 1 ( 17/06/2025 ) - 001 | X88: 30 | Y88: =SUMIF($AC$2:QX$2,"Số buổi đã học",$AC88:QX88)+X88 -> 30 | Z88: =SUMIF($AC$2:QX$2,"Số buổi xin nghỉ có phép A",$AC88:QX88) -> 0 | AA88: =SUMIF($AC$2:QX$2,"Số buổi nghỉ sai quy định C",$AC88:QX88) -> 0 | AB88: =SUMIF($AC$2:QX$2,"Số buổi GV xin nghỉ D",$AC88:QX88) -> 0 | AC88: 0 | AD88: 0 | AE88: 0 | AF88: 0 | AG88: 0 | AH88: 0 | BN88: 0 | BO88: 0 | BP88: 0 | BQ88: 0 | BR88: 0 | BS88: 0 | CV88: 0 | CW88: 0 | CX88: 0 | CY88: 0 | CZ88: 0 | DA88: 0 | EG88: 0 | EH88: 0 | EI88: 0 | EJ88: 0 | EK88: 0 | EL88: 0 | FQ88: 0 | FR88: 0 | FS88: 0 | FT88: 0 | FU88: 0 | FV88: 0 | HB88: 0 | HC88: 0 | HD88: 0 | HE88: 0 | HF88: 0 | HG88: 0 | IL88: 0 | IM88: 0 | IN88: 0 | IO88: 0 | IP88: 0 | IQ88: 0 | JW88: 0 | JX88: 0 | JY88: 0 | JZ88: 0 | KA88: 0 | KB88: 0 | LH88: =Sum(LN88:MQ88)+LK88 -> 0 | LI88: =countif(LN88:MQ88,"A") -> 0 | LJ88: =countif(LN88:MRQ88,"B") -> 0 | LK88: =countif(LN88:MQ88,"C") -> 0 | LL88: =countif(LN88:MQ88,"D") -> 0 | LM88: =countif(LN88:MQ88,"E") -> 0 | QX88: 45820
I89: =E89-Y89 -> -5 | J89: 2025-06-20 2025-10-06 | K89: Kết thúc | M89: 20h00 | N89: 246 | O89: 30 | U89: thoatt/giangdth | W89: Nguyễn Trần Anh Thư - kaiwa 1 ( 16/06/2025 ) - 001 | X89: 5 | Y89: =SUMIF($AC$2:QX$2,"Số buổi đã học",$AC89:QX89)+X89 -> 5 | Z89: =SUMIF($AC$2:QX$2,"Số buổi xin nghỉ có phép A",$AC89:QX89) -> 0 | AA89: =SUMIF($AC$2:QX$2,"Số buổi nghỉ sai quy định C",$AC89:QX89) -> 0 | AB89: =SUMIF($AC$2:QX$2,"Số buổi GV xin nghỉ D",$AC89:QX89) -> 0 | AC89: 0 | AD89: 0 | AE89: 0 | AF89: 0 | AG89: 0 | AH89: 0 | BN89: 0 | BO89: 0 | BP89: 0 | BQ89: 0 | BR89: 0 | BS89: 0 | CV89: 0 | CW89: 0 | CX89: 0 | CY89: 0 | CZ89: 0 | DA89: 0 | EG89: 0 | EH89: 0 | EI89: 0 | EJ89: 0 | EK89: 0 | EL89: 0 | FQ89: 0 | FR89: 0 | FS89: 0 | FT89: 0 | FU89: 0 | FV89: 0 | HB89: 0 | HC89: 0 | HD89: 0 | HE89: 0 | HF89: 0 | HG89: 0 | IL89: 0 | IM89: 0 | IN89: 0 | IO89: 0 | IP89: 0 | IQ89: 0 | JW89: 0 | JX89: 0 | JY89: 0 | JZ89: 0 | KA89: 0 | KB89: 0 | LH89: =Sum(LN89:MQ89)+LK89 -> 0 | LI89: =countif(LN89:MQ89,"A") -> 0 | LJ89: =countif(LN89:MRQ89,"B") -> 0 | LK89: =countif(LN89:MQ89,"C") -> 0 | LL89: =countif(LN89:MQ89,"D") -> 0 | LM89: =countif(LN89:MQ89,"E") -> 0 | QX89: 45821
I90: =E90-Y90 -> -30 | J90: 45824 | K90: Kết thúc | L90: 45896 | M90: 19h00 | N90: 246 | O90: 30 | U90: lamdt | W90: Dương Thị Giang - kaiwa 2 ( 16/06/2025 ) - 001 | X90: 30 | Y90: =SUMIF($AC$2:QX$2,"Số buổi đã học",$AC90:QX90)+X90 -> 30 | Z90: =SUMIF($AC$2:QX$2,"Số buổi xin nghỉ có phép A",$AC90:QX90) -> 0 | AA90: =SUMIF($AC$2:QX$2,"Số buổi nghỉ sai quy định C",$AC90:QX90) -> 0 | AB90: =SUMIF($AC$2:QX$2,"Số buổi GV xin nghỉ D",$AC90:QX90) -> 0 | AC90: 0 | AD90: 0 | AE90: 0 | AF90: 0 | AG90: 0 | AH90: 0 | BN90: 0 | BO90: 0 | BP90: 0 | BQ90: 0 | BR90: 0 | BS90: 0 | CV90: 0 | CW90: 0 | CX90: 0 | CY90: 0 | CZ90: 0 | DA90: 0 | EG90: 0 | EH90: 0 | EI90: 0 | EJ90: 0 | EK90: 0 | EL90: 0 | FQ90: 0 | FR90: 0 | FS90: 0 | FT90: 0 | FU90: 0 | FV90: 0 | HB90: 0 | HC90: 0 | HD90: 0 | HE90: 0 | HF90: 0 | HG90: 0 | IL90: 0 | IM90: 0 | IN90: 0 | IO90: 0 | IP90: 0 | IQ90: 0 | JW90: 0 | JX90: 0 | JY90: 0 | JZ90: 0 | KA90: 0 | KB90: 0 | LH90: =Sum(LN90:MQ90)+LK90 -> 0 | LI90: =countif(LN90:MQ90,"A") -> 0 | LJ90: =countif(LN90:MRQ90,"B") -> 0 | LK90: =countif(LN90:MQ90,"C") -> 0 | LL90: =countif(LN90:MQ90,"D") -> 0 | LM90: =countif(LN90:MQ90,"E") -> 0 | QX90: 45821
I91: =E91-Y91 -> -29 | J91: 45825 | K91: Kết thúc | L91: 45930 | M91: 19h00 | N91: 357 | O91: 45 | U91: binhnnt | W91: K145017 - 001 | X91: 29 | Y91: =SUMIF($AC$2:QX$2,"Số buổi đã học",$AC91:QX91)+X91 -> 29 | Z91: =SUMIF($AC$2:QX$2,"Số buổi xin nghỉ có phép A",$AC91:QX91) -> 0 | AA91: =SUMIF($AC$2:QX$2,"Số buổi nghỉ sai quy định C",$AC91:QX91) -> 0 | AB91: =SUMIF($AC$2:QX$2,"Số buổi GV xin nghỉ D",$AC91:QX91) -> 0 | AC91: 0 | AD91: 0 | AE91: 0 | AF91: 0 | AG91: 0 | AH91: 0 | BN91: 0 | BO91: 0 | BP91: 0 | BQ91: 0 | BR91: 0 | BS91: 0 | CV91: 0 | CW91: 0 | CX91: 0 | CY91: 0 | CZ91: 0 | DA91: 0 | EG91: 0 | EH91: 0 | EI91: 0 | EJ91: 0 | EK91: 0 | EL91: 0 | FQ91: 0 | FR91: 0 | FS91: 0 | FT91: 0 | FU91: 0 | FV91: 0 | HB91: 0 | HC91: 0 | HD91: 0 | HE91: 0 | HF91: 0 | HG91: 0 | IL91: 0 | IM91: 0 | IN91: 0 | IO91: 0 | IP91: 0 | IQ91: 0 | JW91: 0 | JX91: 0 | JY91: 0 | JZ91: 0 | KA91: 0 | KB91: 0 | LH91: =Sum(LN91:MQ91)+LK91 -> 0 | LI91: =countif(LN91:MQ91,"A") -> 0 | LJ91: =countif(LN91:MRQ91,"B") -> 0 | LK91: =countif(LN91:MQ91,"C") -> 0 | LL91: =countif(LN91:MQ91,"D") -> 0 | LM91: =countif(LN91:MQ91,"E") -> 0 | QX91: 45821
I92: =E92-Y92 -> -30 | J92: 45826 | K92: Kết thúc | L92: 45981 | M92: 13h30 | N92: 246 | O92: 30 | U92: sinhnt | V92: GV377 | W92: Đoàn Thị Ngọc Bích - kaiwa 3 ( 16/06/2025 ) - 001 | X92: 30 | Y92: =SUMIF($AC$2:QX$2,"Số buổi đã học",$AC92:QX92)+X92 -> 30 | Z92: =SUMIF($AC$2:QX$2,"Số buổi xin nghỉ có phép A",$AC92:QX92) -> 0 | AA92: =SUMIF($AC$2:QX$2,"Số buổi nghỉ sai quy định C",$AC92:QX92) -> 0 | AB92: =SUMIF($AC$2:QX$2,"Số buổi GV xin nghỉ D",$AC92:QX92) -> 0 | AC92: 0 | AD92: 0 | AE92: 0 | AF92: 0 | AG92: 0 | AH92: 0 | BN92: 0 | BO92: 0 | BP92: 0 | BQ92: 0 | BR92: 0 | BS92: 0 | CV92: 0 | CW92: 0 | CX92: 0 | CY92: 0 | CZ92: 0 | DA92: 0 | EG92: 0 | EH92: 0 | EI92: 0 | EJ92: 0 | EK92: 0 | EL92: 0 | FQ92: 0 | FR92: 0 | FS92: 0 | FT92: 0 | FU92: 0 | FV92: 0 | HB92: 0 | HC92: 0 | HD92: 0 | HE92: 0 | HF92: 0 | HG92: 0 | IL92: 0 | IM92: 0 | IN92: 0 | IO92: 0 | IP92: 0 | IQ92: 0 | JW92: 0 | JX92: 0 | JY92: 0 | JZ92: 0 | KA92: 0 | KB92: 0 | LH92: =Sum(LN92:MQ92)+LK92 -> 0 | LI92: =countif(LN92:MQ92,"A") -> 0 | LJ92: =countif(LN92:MRQ92,"B") -> 0 | LK92: =countif(LN92:MQ92,"C") -> 0 | LL92: =countif(LN92:MQ92,"D") -> 0 | LM92: =countif(LN92:MQ92,"E") -> 0 | QX92: 45822
I93: =E93-Y93 -> -8 | J93: 45829 | K93: Kết thúc | L93: 45932 | M93: 17h30 | N93: LKCD | O93: 30 | U93: quynhpt | W93: Lưu Thanh Thùy - kaiwa 3 ( 16/06/2025) - 001 | X93: 8 | Y93: =SUMIF($AC$2:QX$2,"Số buổi đã học",$AC93:QX93)+X93 -> 8 | Z93: =SUMIF($AC$2:QX$2,"Số buổi xin nghỉ có phép A",$AC93:QX93) -> 0 | AA93: =SUMIF($AC$2:QX$2,"Số buổi nghỉ sai quy định C",$AC93:QX93) -> 0 | AB93: =SUMIF($AC$2:QX$2,"Số buổi GV xin nghỉ D",$AC93:QX93) -> 0 | AC93: 0 | AD93: 0 | AE93: 0 | AF93: 0 | AG93: 0 | AH93: 0 | BN93: 0 | BO93: 0 | BP93: 0 | BQ93: 0 | BR93: 0 | BS93: 0 | CV93: 0 | CW93: 0 | CX93: 0 | CY93: 0 | CZ93: 0 | DA93: 0 | EG93: 0 | EH93: 0 | EI93: 0 | EJ93: 0 | EK93: 0 | EL93: 0 | FQ93: 0 | FR93: 0 | FS93: 0 | FT93: 0 | FU93: 0 | FV93: 0 | HB93: 0 | HC93: 0 | HD93: 0 | HE93: 0 | HF93: 0 | HG93: 0 | IL93: 0 | IM93: 0 | IN93: 0 | IO93: 0 | IP93: 0 | IQ93: 0 | JW93: 0 | JX93: 0 | JY93: 0 | JZ93: 0 | KA93: 0 | KB93: 0 | LH93: =Sum(LN93:MQ93)+LK93 -> 0 | LI93: =countif(LN93:MQ93,"A") -> 0 | LJ93: =countif(LN93:MRQ93,"B") -> 0 | LK93: =countif(LN93:MQ93,"C") -> 0 | LL93: =countif(LN93:MQ93,"D") -> 0 | LM93: =countif(LN93:MQ93,"E") -> 0 | QX93: 45822
I94: =E94-Y94 -> -28 | J94: 45826 | K94: Kết thúc | L94: 45938 | M94: 18h00 | N94: 246 | O94: 30 | U94: huongtt | W94: Nguyễn Thị Luyến - kaiwa 1 ( 16/06/2025) - 001 Nguyễn Thị Luyến - prekaiwa 2 ( 20/06/2025 ) - 001 | X94: 28 | Y94: =SUMIF($AC$2:QX$2,"Số buổi đã học",$AC94:QX94)+X94 -> 28 | Z94: =SUMIF($AC$2:QX$2,"Số buổi xin nghỉ có phép A",$AC94:QX94) -> 0 | AA94: =SUMIF($AC$2:QX$2,"Số buổi nghỉ sai quy định C",$AC94:QX94) -> 0 | AB94: =SUMIF($AC$2:QX$2,"Số buổi GV xin nghỉ D",$AC94:QX94) -> 0 | AC94: 0 | AD94: 0 | AE94: 0 | AF94: 0 | AG94: 0 | AH94: 0 | BN94: 0 | BO94: 0 | BP94: 0 | BQ94: 0 | BR94: 0 | BS94: 0 | CV94: 0 | CW94: 0 | CX94: 0 | CY94: 0 | CZ94: 0 | DA94: 0 | EG94: 0 | EH94: 0 | EI94: 0 | EJ94: 0 | EK94: 0 | EL94: 0 | FQ94: 0 | FR94: 0 | FS94: 0 | FT94: 0 | FU94: 0 | FV94: 0 | HB94: 0 | HC94: 0 | HD94: 0 | HE94: 0 | HF94: 0 | HG94: 0 | IL94: 0 | IM94: 0 | IN94: 0 | IO94: 0 | IP94: 0 | IQ94: 0 | JW94: 0 | JX94: 0 | JY94: 0 | JZ94: 0 | KA94: 0 | KB94: 0 | LH94: =Sum(LN94:MQ94)+LK94 -> 0 | LI94: =countif(LN94:MQ94,"A") -> 0 | LJ94: =countif(LN94:MRQ94,"B") -> 0 | LK94: =countif(LN94:MQ94,"C") -> 0 | LL94: =countif(LN94:MQ94,"D") -> 0 | LM94: =countif(LN94:MQ94,"E") -> 0 | QX94: 45822
I95: =E95-Y95 -> -23 | J95: 45825 | K95: Kết thúc | L95: 45904 | M95: 20h00 | N95: 357 | O95: 30 | U95: lamdt | V95: GV367 | W95: Nguyễn Thành Vinh - kaiwa 1 ( 17/06/2025 ) - 001 | X95: 23 | Y95: =SUMIF($AC$2:QX$2,"Số buổi đã học",$AC95:QX95)+X95 -> 23 | Z95: =SUMIF($AC$2:QX$2,"Số buổi xin nghỉ có phép A",$AC95:QX95) -> 0 | AA95: =SUMIF($AC$2:QX$2,"Số buổi nghỉ sai quy định C",$AC95:QX95) -> 0 | AB95: =SUMIF($AC$2:QX$2,"Số buổi GV xin nghỉ D",$AC95:QX95) -> 0 | AC95: 0 | AD95: 0 | AE95: 0 | AF95: 0 | AG95: 0 | AH95: 0 | BN95: 0 | BO95: 0 | BP95: 0 | BQ95: 0 | BR95: 0 | BS95: 0 | CV95: 0 | CW95: 0 | CX95: 0 | CY95: 0 | CZ95: 0 | DA95: 0 | EG95: 0 | EH95: 0 | EI95: 0 | EJ95: 0 | EK95: 0 | EL95: 0 | FQ95: 0 | FR95: 0 | FS95: 0 | FT95: 0 | FU95: 0 | FV95: 0 | HB95: 0 | HC95: 0 | HD95: 0 | HE95: 0 | HF95: 0 | HG95: 0 | IL95: 0 | IM95: 0 | IN95: 0 | IO95: 0 | IP95: 0 | IQ95: 0 | JW95: 0 | JX95: 0 | JY95: 0 | JZ95: 0 | KA95: 0 | KB95: 0 | LH95: =Sum(LN95:MQ95)+LK95 -> 0 | LI95: =countif(LN95:MQ95,"A") -> 0 | LJ95: =countif(LN95:MRQ95,"B") -> 0 | LK95: =countif(LN95:MQ95,"C") -> 0 | LL95: =countif(LN95:MQ95,"D") -> 0 | LM95: =countif(LN95:MQ95,"E") -> 0 | QX95: 45824
I96: =E96-Y96 -> -29 | J96: 45825 | K96: Kết thúc | M96: 19h00 | N96: 357 | O96: 45 | U96: binhnnt | W96: K145017 - 001 | X96: 29 | Y96: =SUMIF($AC$2:QX$2,"Số buổi đã học",$AC96:QX96)+X96 -> 29 | Z96: =SUMIF($AC$2:QX$2,"Số buổi xin nghỉ có phép A",$AC96:QX96) -> 0 | AA96: =SUMIF($AC$2:QX$2,"Số buổi nghỉ sai quy định C",$AC96:QX96) -> 0 | AB96: =SUMIF($AC$2:QX$2,"Số buổi GV xin nghỉ D",$AC96:QX96) -> 0 | AC96: 0 | AD96: 0 | AE96: 0 | AF96: 0 | AG96: 0 | AH96: 0 | BN96: 0 | BO96: 0 | BP96: 0 | BQ96: 0 | BR96: 0 | BS96: 0 | CV96: 0 | CW96: 0 | CX96: 0 | CY96: 0 | CZ96: 0 | DA96: 0 | EG96: 0 | EH96: 0 | EI96: 0 | EJ96: 0 | EK96: 0 | EL96: 0 | FQ96: 0 | FR96: 0 | FS96: 0 | FT96: 0 | FU96: 0 | FV96: 0 | HB96: 0 | HC96: 0 | HD96: 0 | HE96: 0 | HF96: 0 | HG96: 0 | IL96: 0 | IM96: 0 | IN96: 0 | IO96: 0 | IP96: 0 | IQ96: 0 | JW96: 0 | JX96: 0 | JY96: 0 | JZ96: 0 | KA96: 0 | KB96: 0 | LH96: =Sum(LN96:MQ96)+LK96 -> 0 | LI96: =countif(LN96:MQ96,"A") -> 0 | LJ96: =countif(LN96:MRQ96,"B") -> 0 | LK96: =countif(LN96:MQ96,"C") -> 0 | LL96: =countif(LN96:MQ96,"D") -> 0 | LM96: =countif(LN96:MQ96,"E") -> 0 | QX96: 45824
I97: =E97-Y97 -> -30 | J97: 45825 | K97: Kết thúc | L97: 45898 | M97: 17h00 21h00 | N97: 347 | O97: 30 | U97: joji | W97: Trần Tuấn Việt - kaiwa 4 ( 16/06/2025 ) - 001 Trần Tuấn Việt - kaiwa 5 ( 17/06/2025 ) - 001 | X97: 30 | Y97: =SUMIF($AC$2:QX$2,"Số buổi đã học",$AC97:QX97)+X97 -> 30 | Z97: =SUMIF($AC$2:QX$2,"Số buổi xin nghỉ có phép A",$AC97:QX97) -> 0 | AA97: =SUMIF($AC$2:QX$2,"Số buổi nghỉ sai quy định C",$AC97:QX97) -> 0 | AB97: =SUMIF($AC$2:QX$2,"Số buổi GV xin nghỉ D",$AC97:QX97) -> 0 | AC97: 0 | AD97: 0 | AE97: 0 | AF97: 0 | AG97: 0 | AH97: 0 | BN97: 0 | BO97: 0 | BP97: 0 | BQ97: 0 | BR97: 0 | BS97: 0 | CV97: 0 | CW97: 0 | CX97: 0 | CY97: 0 | CZ97: 0 | DA97: 0 | EG97: 0 | EH97: 0 | EI97: 0 | EJ97: 0 | EK97: 0 | EL97: 0 | FQ97: 0 | FR97: 0 | FS97: 0 | FT97: 0 | FU97: 0 | FV97: 0 | HB97: 0 | HC97: 0 | HD97: 0 | HE97: 0 | HF97: 0 | HG97: 0 | IL97: 0 | IM97: 0 | IN97: 0 | IO97: 0 | IP97: 0 | IQ97: 0 | JW97: 0 | JX97: 0 | JY97: 0 | JZ97: 0 | KA97: 0 | KB97: 0 | LH97: =Sum(LN97:MQ97)+LK97 -> 0 | LI97: =countif(LN97:MQ97,"A") -> 0 | LJ97: =countif(LN97:MRQ97,"B") -> 0 | LK97: =countif(LN97:MQ97,"C") -> 0 | LL97: =countif(LN97:MQ97,"D") -> 0 | LM97: =countif(LN97:MQ97,"E") -> 0 | QX97: 45824
I98: =E98-Y98 -> -26 | J98: 45832 | K98: Kết thúc | L98: 45920 | M98: 19h30 | N98: 357 | O98: 30 | U98: uyenltt | W98: Ngô Thị Chiên - kaiwa 2 ( 16/06/2025 ) - 001 | X98: 26 | Y98: =SUMIF($AC$2:QX$2,"Số buổi đã học",$AC98:QX98)+X98 -> 26 | Z98: =SUMIF($AC$2:QX$2,"Số buổi xin nghỉ có phép A",$AC98:QX98) -> 0 | AA98: =SUMIF($AC$2:QX$2,"Số buổi nghỉ sai quy định C",$AC98:QX98) -> 0 | AB98: =SUMIF($AC$2:QX$2,"Số buổi GV xin nghỉ D",$AC98:QX98) -> 0 | AC98: 0 | AD98: 0 | AE98: 0 | AF98: 0 | AG98: 0 | AH98: 0 | BN98: 0 | BO98: 0 | BP98: 0 | BQ98: 0 | BR98: 0 | BS98: 0 | CV98: 0 | CW98: 0 | CX98: 0 | CY98: 0 | CZ98: 0 | DA98: 0 | EG98: 0 | EH98: 0 | EI98: 0 | EJ98: 0 | EK98: 0 | EL98: 0 | FQ98: 0 | FR98: 0 | FS98: 0 | FT98: 0 | FU98: 0 | FV98: 0 | HB98: 0 | HC98: 0 | HD98: 0 | HE98: 0 | HF98: 0 | HG98: 0 | IL98: 0 | IM98: 0 | IN98: 0 | IO98: 0 | IP98: 0 | IQ98: 0 | JW98: 0 | JX98: 0 | JY98: 0 | JZ98: 0 | KA98: 0 | KB98: 0 | LH98: =Sum(LN98:MQ98)+LK98 -> 0 | LI98: =countif(LN98:MQ98,"A") -> 0 | LJ98: =countif(LN98:MRQ98,"B") -> 0 | LK98: =countif(LN98:MQ98,"C") -> 0 | LL98: =countif(LN98:MQ98,"D") -> 0 | LM98: =countif(LN98:MQ98,"E") -> 0 | QX98: 45824
I99: =E99-Y99 -> -14 | J99: 45827 | K99: Kết thúc | L99: 45892 | M99: 19h00 | N99: 357 | O99: 30 | U99: joji | V99: GV32 | W99: Nguyễn Lê Bích Quyên - kaiwa 5 ( 17/06/2025 ) - 001 | X99: 14 | Y99: =SUMIF($AC$2:QX$2,"Số buổi đã học",$AC99:QX99)+X99 -> 14 | Z99: =SUMIF($AC$2:QX$2,"Số buổi xin nghỉ có phép A",$AC99:QX99) -> 0 | AA99: =SUMIF($AC$2:QX$2,"Số buổi nghỉ sai quy định C",$AC99:QX99) -> 0 | AB99: =SUMIF($AC$2:QX$2,"Số buổi GV xin nghỉ D",$AC99:QX99) -> 0 | AC99: 0 | AD99: 0 | AE99: 0 | AF99: 0 | AG99: 0 | AH99: 0 | BN99: 0 | BO99: 0 | BP99: 0 | BQ99: 0 | BR99: 0 | BS99: 0 | CV99: 0 | CW99: 0 | CX99: 0 | CY99: 0 | CZ99: 0 | DA99: 0 | EG99: 0 | EH99: 0 | EI99: 0 | EJ99: 0 | EK99: 0 | EL99: 0 | FQ99: 0 | FR99: 0 | FS99: 0 | FT99: 0 | FU99: 0 | FV99: 0 | HB99: 0 | HC99: 0 | HD99: 0 | HE99: 0 | HF99: 0 | HG99: 0 | IL99: 0 | IM99: 0 | IN99: 0 | IO99: 0 | IP99: 0 | IQ99: 0 | JW99: 0 | JX99: 0 | JY99: 0 | JZ99: 0 | KA99: 0 | KB99: 0 | LH99: =Sum(LN99:MQ99)+LK99 -> 0 | LI99: =countif(LN99:MQ99,"A") -> 0 | LJ99: =countif(LN99:MRQ99,"B") -> 0 | LK99: =countif(LN99:MQ99,"C") -> 0 | LL99: =countif(LN99:MQ99,"D") -> 0 | LM99: =countif(LN99:MQ99,"E") -> 0 | QX99: 45825
I100: =E100-Y100 -> -13 | J100: 45827 | K100: Kết thúc | L100: 45969 | M100: 17h30 | N100: 7 | O100: 60 | U100: huylt | V100: GV265 | W100: Phan Thành Long - kaiwa 1 ( 17/06/2025 ) - 001 | X100: 13 | Y100: =SUMIF($AC$2:QX$2,"Số buổi đã học",$AC100:QX100)+X100 -> 13 | Z100: =SUMIF($AC$2:QX$2,"Số buổi xin nghỉ có phép A",$AC100:QX100) -> 0 | AA100: =SUMIF($AC$2:QX$2,"Số buổi nghỉ sai quy định C",$AC100:QX100) -> 0 | AB100: =SUMIF($AC$2:QX$2,"Số buổi GV xin nghỉ D",$AC100:QX100) -> 0 | AC100: 0 | AD100: 0 | AE100: 0 | AF100: 0 | AG100: 0 | AH100: 0 | BN100: 0 | BO100: 0 | BP100: 0 | BQ100: 0 | BR100: 0 | BS100: 0 | CV100: 0 | CW100: 0 | CX100: 0 | CY100: 0 | CZ100: 0 | DA100: 0 | EG100: 0 | EH100: 0 | EI100: 0 | EJ100: 0 | EK100: 0 | EL100: 0 | FQ100: 0 | FR100: 0 | FS100: 0 | FT100: 0 | FU100: 0 | FV100: 0 | HB100: 0 | HC100: 0 | HD100: 0 | HE100: 0 | HF100: 0 | HG100: 0 | IL100: 0 | IM100: 0 | IN100: 0 | IO100: 0 | IP100: 0 | IQ100: 0 | JW100: 0 | JX100: 0 | JY100: 0 | JZ100: 0 | KA100: 0 | KB100: 0 | LH100: =Sum(LN100:MQ100)+LK100 -> 0 | LI100: =countif(LN100:MQ100,"A") -> 0 | LJ100: =countif(LN100:MRQ100,"B") -> 0 | LK100: =countif(LN100:MQ100,"C") -> 0 | LL100: =countif(LN100:MQ100,"D") -> 0 | LM100: =countif(LN100:MQ100,"E") -> 0 | QX100: 45825
...

Sheet 5. Ca ngày bàn giao
A1: Ngày | B1: ID HV | C1: Tên HV | D1: Vấn đề | E1: CVHT
A2: 46043 | B2: 420284679 | C2: Trần Thị Ngọc Nhi | D2: 18h30 KG | E2: CVHT01
A3: 46043 | B3: 420291147 | C3: Mạnh Thị Thế | D3: 18h30 KG | E3: CVHT01
A4: 46043 | B4: 420291039 | C4: Lê Tuấn Khôi | D4: 19hKG | E4: CVHT01
A5: 46044 | B5: 420291234 | C5: Đinh Thị Minh Hiếu | D5: 19h30KG | E5: CVHT01
A6: 46048 | B6: 420290975 | C6: Nguyễn Thị Lan Anh | D6: 18h30 KG | E6: CVHT01
A7: 46048 | B7: 420291377 | C7: Lê Thị Xuân Mai | D7: 19h30KG | E7: CVHT01
A8: 46048 | B8: 420291162 | C8: Triệu Văn Vĩ | D8: 19h30KG | E8: CVHT01
A9: 46049 | B9: 420291231 | C9: Hồ Ngọc Lưu | D9: 20h30KG | E9: CVHT01
A10: 46049 | C10: K345014 - 001 | D10: 19h00KG trên hệ thống | E10: CVHT01
A11: 46050 | B11: 420290975 | C11: Nguyễn Thị Lan Anh | D11: 18h30KG | E11: CVHT01
A12: 46050 | B12: 420291280 | C12: Lý Thị Thảo | D12: 19h00KG | E12: CVHT01
A13: 46051 | B13: 420291753 | C13: Đoàn Hải Yến | D13: 20h00KG | E13: CVHT01
A14: 46055 | B14: 420288659 | C14: Nguyễn Việt Tân | D14: 19h00KG | E14: CVHT01
A15: 46055 | B15: 420291710 | C15: Nguyễn Thị Hồng Nhung | D15: 19h00KG | E15: CVHT01
A16: 46055 | B16: 420287218 | C16: Võ Thanh Triều | D16: 19h30KG | E16: CVHT01
A17: 46057 | B17: 420291376 | C17: Từ Thị Quế Linh | D17: 19h30KG | E17: CVHT01
A18: 46059 | B18: 420290156 | C18: Nguyễn Thị Toán | D18: 19h00KG | E18: CVHT01
A19: 46059 | B19: 420290910 | C19: Phạm Nguyễn Mỹ Dung | D19: 18h30KG | E19: CVHT01
A20: 46059 | B20: 420292000 | C20: Nguyễn Thị Yến Nhi | D20: 18h30KG | E20: CVHT01
A21: 46063 | B21: 420290679 | C21: Nguyễn Văn Cường | D21: 19h00KG | E21: CVHT01
A22: 46063 | B22: 420291313 | C22: Danh Quý | D22: 18h30KG | E22: CVHT01
... A24: 46064 | B24: 420291874 | C24: Nguyễn Thị Mỹ Nhung | D24: 19h00KG | E24: CVHT01
A25: 46065 | C25: K145029 | D25: 19h00KG | E25: CVHT01
A26: 46077 | C26: N3VIP110012 - Lớp Phương 先生 | D26: 19h00KG trên daymai | E26: CVHT01
A27: 46078 | B27: 420276218 | C27: Bùi Vi Lâm | D27: 19h00KG | E27: CVHT01
A28: 46079 | B28: 427892421 | C28: Hồ Thị Kim Duyên | D28: 19h00KG | E28: CVHT01
